date,txVolume(USD),txCount,marketcap(USD),price(USD),exchangeVolume(USD),generatedCoins,fees
21-05-2014,0,460,2079640,1.6,246540,27634.2921,0.000714107
22-05-2014,0,347,1371470,2.1,132918,23625.79032,0.000468826
23-05-2014,0,477,1816200,2.96,266852,22666.10915,0.00065722
24-05-2014,0,661,2653720,3.7,248028,23167.79561,0.000911483
25-05-2014,0,1026,3774890,3.14,283545,24975.83734,0.002842246
26-05-2014,0,1486,3070190,3.02,220148,20133.31372,0.002369143
27-05-2014,0,1985,2958060,2.21,97603,21236.72835,0.014979522
28-05-2014,0,2084,2231880,2.27,177716,21302.62089,3.047462127
29-05-2014,0,1341,2251030,1.68,109157,24305.33414,4.991315572
30-05-2014,0,1862,1742630,1.57,119296,20042.84867,6.118662085
31-05-2014,0,1396,1675440,1.94,117399,23352.4412,5.735233278
01-06-2014,0,1071,2111850,1.74,130602,26268.47251,5.123800701
02-06-2014,0,1150,1964820,1.73,47672,23103.37802,5.492296209
03-06-2014,0,1493,1966370,1.93,91332,22811.01286,8.260069489
04-06-2014,0,2084,2238440,1.81,51886,23083.0254,11.75276698
06-06-2014,0,2582,1781530,1.24,100635,21992.63953,14.36780234
07-06-2014,0,3056,1523430,1.36,44187,22828.08386,16.7579042
08-06-2014,0,2156,1702900,1.34,40634,22557.92489,12.43806207
09-06-2014,0,2434,1697580,1.52,56500,22983.89431,13.62880468
10-06-2014,0,2661,1917820,1.73,182599,22759.2689,14.52682178
11-06-2014,0,2927,2279840,1.62,85735,25117.26967,15.90745348
12-06-2014,0,3051,2174900,1.74,108619,20798.12664,18.72654042
13-06-2014,0,4588,2257650,1.92,84237,23517.48058,28.93636832
14-06-2014,0,5478,2677530,2.34,276919,23229.98153,34.6814071
15-06-2014,0,5432,3288170,2.69,150652,24260.11013,42.22909664
16-06-2014,0,5401,3905660,3.18,438776,21016.37518,36.44328685
17-06-2014,0,4876,4601540,2.82,228445,24372.70395,38.03307048
18-06-2014,0,4042,4304890,2.79,183102,22836.01385,27.76413485
19-06-2014,0,3776,4188790,3.13,283962,23229.41125,78.47202806
20-06-2014,0,4074,4844000,4.56,543764,24146.94845,29.07464188
21-06-2014,0,2658,6730580,5.01,723077,23271.11461,17.72557898
22-06-2014,0,3499,7853920,4.35,491984,24028.40037,23.57804058
23-06-2014,0,2780,6851250,3.98,433301,24286.17266,18.63501498
24-06-2014,0,3048,6374590,3.28,150995,22037.98903,21.55358742
25-06-2014,0,2742,5313820,3.39,217183,22458.06084,18.8722521
26-06-2014,0,2403,5471230,2.89,117740,22474.35119,16.52023988
27-06-2014,0,2319,5044180,2.2,250643,23332.89996,15.88710408
28-06-2014,0,2088,3997740,2.55,184970,23130.20597,14.47110318
29-06-2014,0,1791,4434960,2.54,138511,22606.87799,12.51841844
30-06-2014,0,1846,4484350,2.5,124575,23359.33348,12.92732139
01-07-2014,0,1998,4470350,2.35,98540,23124.90864,13.90850876
02-07-2014,0,1901,4225600,2.31,101095,23221.58357,13.40703196
03-07-2014,0,1774,4217730,2.64,168532,22222.86465,13.00758821
04-07-2014,0,1878,4899760,2.64,148555,22959.3782,13.46675651
05-07-2014,0,1788,4956910,2.47,68525,22981.9612,12.88287233
06-07-2014,0,1618,4690900,2.4,77663,23276.08672,11.36247462
07-07-2014,0,1678,4609840,1.99,111370,22160.75498,12.03091507
08-07-2014,0,1915,3851290,2.35,94993,22060.17493,13.49008188
09-07-2014,0,1850,4518280,2.01,69554,22466.68083,13.40327299
10-07-2014,0,1671,4033590,1.89,89099,22490.17433,12.21899019
11-07-2014,0,1570,3746700,1.79,116666,22602.02235,11.9782542
12-07-2014,0,1760,3648870,1.73,65375,22269.19298,13.5578125
13-07-2014,0,1401,3562450,1.79,122049,22542.06365,10.55648998
14-07-2014,0,1754,3716450,1.97,100284,22307.80012,43.49807593
15-07-2014,0,1538,4096760,2.11,136205,22140.78512,12.03321855
16-07-2014,0,1950,4585570,2.71,353430,22401.89781,14.10132232
17-07-2014,0,2417,5804450,2.98,503684,23117.74338,17.68281798
18-07-2014,0,2603,6577180,2.62,348336,22873.2403,35.18443736
19-07-2014,0,2186,5680000,2.88,169471,22308.88435,16.72111911
20-07-2014,0,1905,6372740,2.63,116853,22320.75822,14.35546413
21-07-2014,0,1944,5978470,3.09,243140,22368.54917,14.6611444
22-07-2014,0,2153,6966760,3.2,262049,21916.32902,33.55505617
23-07-2014,0,2105,7296220,2.91,274946,22393.25456,16.08225916
24-07-2014,0,2243,6717400,2.36,292547,22555.1378,17.236004
25-07-2014,0,2101,5500730,2.71,182887,21561.14172,20.66669282
26-07-2014,0,2156,6327920,2.62,125320,22395.70464,19.79563701
27-07-2014,0,1958,6211480,2.55,111827,22185.30216,14.50468112
28-07-2014,0,2008,6102470,2.7,141903,21765.86897,21.36911169
29-07-2014,0,2138,6507970,2.62,272756,21998.42306,20.61179825
30-07-2014,0,2492,6374650,2.54,79830,22311.26727,18.37153732
31-07-2014,0,2222,6187770,2.55,111065,21544.41553,16.34219509
01-08-2014,0,2118,6361190,2.67,145177,22513.06718,23.10583841
02-08-2014,0,1822,6665580,2.5,101031,21707.00293,15.60924752
03-08-2014,0,1667,6295750,2.36,144327,21396.6774,12.3562553
04-08-2014,0,1687,5992660,2.01,234647,21796.57198,12.09013295
05-08-2014,0,1944,5154370,2.15,94391,21605.00077,14.40560921
06-08-2014,0,1560,5698660,2.19,76411,21708.92924,11.41724751
07-08-2014,0,1919,5713790,2.14,88304,21920.09571,14.08195524
08-08-2014,0,1525,5636120,2.18,87502,20980.31934,11.11400876
09-08-2014,0,1614,5760020,2.1,72351,22056.34224,12.01437895
10-08-2014,0,1645,5482750,2.06,80847,22092.30679,12.05648816
11-08-2014,0,1533,5505760,2.08,132234,19784.47365,11.40254363
12-08-2014,0,1953,5649600,2,114580,22839.52895,14.68482903
13-08-2014,0,1905,5465790,1.9,89506,21243.117,13.99974433
14-08-2014,0,1695,5280750,1.76,99815,21769.05948,12.65484217
15-08-2014,0,1961,4932750,1.59,182760,20445.18096,15.02241813
16-08-2014,0,1641,4413540,1.6,82703,21791.43682,21.5679679
17-08-2014,0,1589,4447240,1.46,72244,21133.39371,14.48147401
18-08-2014,0,1597,4074930,1.45,108222,20891.39561,11.6749494
19-08-2014,0,1787,4013520,1.65,98273,21660.22231,14.25368534
20-08-2014,0,1804,4795780,1.83,286655,21086.96897,13.9344701
21-08-2014,0,2354,5337170,1.82,141302,21121.36538,17.1045394
22-08-2014,0,1855,5331550,1.78,118268,21788.16413,13.82107906
23-08-2014,0,1902,5236920,1.81,81316,21429.29698,13.99556852
24-08-2014,0,3255,5377400,1.95,113086,21058.85832,28.45253271
25-08-2014,0,2708,5843100,2.05,179315,21902.42515,64.10805613
26-08-2014,0,1688,6291750,2.01,191411,20644.54572,100.7735916
27-08-2014,0,1308,6098760,2.01,125364,21358.01119,98.95656184
28-08-2014,0,1129,6110120,2.21,246829,20292.74738,80.88677271
29-08-2014,0,1294,6708610,2.21,219724,21532.25466,90.99220607
30-08-2014,0,1244,6832530,2.44,270668,21284.0968,82.72217929
31-08-2014,0,1330,7577360,2.17,308396,21341.5675,97.7308463
01-09-2014,0,1387,6827450,2.04,268279,20028.07841,110.0062165
02-09-2014,0,1258,6464120,1.96,218797,21031.0738,98.01799628
03-09-2014,0,1205,6205680,2.03,153437,20600.61717,109.3200243
04-09-2014,0,2856,6507160,2.05,186620,20369.16704,276.2735492
05-09-2014,0,1967,6595670,1.98,168193,21126.99072,135.9073816
06-09-2014,0,893,6411200,1.95,120274,20900.61846,88.22855131
07-09-2014,0,885,6324720,1.88,151671,20934.30825,94.3216161
08-09-2014,0,888,6166130,1.87,158829,21386.71624,98.93492324
09-09-2014,0,911,6200410,1.77,129058,19860.47139,97.06086307
10-09-2014,0,962,5876080,1.97,280005,20654.86672,109.4881804
11-09-2014,0,1158,6583810,1.94,173065,20318.08113,126.0889025
12-09-2014,0,1058,6544780,1.88,166282,20567.23871,115.4142442
13-09-2014,0,947,6365210,1.85,156820,20913.99209,101.7928909
14-09-2014,0,837,6308010,1.82,123269,20799.72759,96.11841103
15-09-2014,0,804,6241990,1.9,132403,21156.86806,95.85468574
16-09-2014,0,912,6557510,1.84,149855,19652.52718,101.2114115
17-09-2014,0,1090,6389740,1.77,291633,20656.35424,119.8805819
18-09-2014,0,1045,6076160,1.57,253082,20041.50035,117.1415267
19-09-2014,0,958,5503840,1.45,171739,20202.08444,108.0877489
20-09-2014,0,942,5094260,1.27,362626,20653.74966,109.625167
21-09-2014,0,868,4502750,1.27,239591,20657.9505,107.9979113
22-09-2014,0,1118,4552650,1.26,137822,19527.50327,129.9177644
23-09-2014,0,883,4526380,1.47,205229,19832.16782,94.41906184
24-09-2014,0,1006,5285770,1.51,122748,20519.7304,108.1025569
25-09-2014,0,622,5441180,1.4,126179,20139.16269,53.35554528
26-09-2014,0,884,5104450,1.39,81632,19983.81179,88.22937063
27-09-2014,0,674,5082540,1.31,95657,21162.85811,76.21861166
28-09-2014,0,633,4821140,1.22,84413,19562.32754,76.52009825
29-09-2014,0,796,4533030,1.15,83902,20034.29645,97.81858724
30-09-2014,0,769,4344950,1.22,82094,20455.57909,96.57692851
01-10-2014,0,786,4536570,1.2,65140,20749.85829,96.3408938
02-10-2014,0,817,4588330,1.19,61824,20015.82222,98.63500987
03-10-2014,0,653,4493740,1.1,113844,19331.19902,91.70391198
04-10-2014,0,706,4166030,0.977628,65894,19940.38618,87.30716224
05-10-2014,0,642,3745430,0.879503,86073,19922.23503,77.82367076
06-10-2014,0,685,3385660,0.979703,65377,19968.86253,79.088924
07-10-2014,0,635,3797610,1,68252,20067.68885,114.3695497
08-10-2014,0,659,3906930,1.09,116352,19729.14245,76.89432836
09-10-2014,0,732,4255220,1.11,66785,19808.07932,84.35162875
10-10-2014,0,688,4343870,1.14,121420,19934.9953,80.59200543
11-10-2014,0,826,4499020,1.08,81876,19913.20813,98.1050705
12-10-2014,0,578,4280260,1.09,58972,19966.4528,70.08748331
13-10-2014,0,606,4324230,1.1,92059,19210.48486,69.12509231
14-10-2014,0,706,4406300,1.07,63787,19782.83658,79.88424259
15-10-2014,0,650,4365480,0.990811,104550,19306.33288,79.43769629
16-10-2014,0,611,3997770,0.999458,59154,19775.32772,74.69375423
17-10-2014,0,527,4064590,0.973198,63034,19185.78975,108.7671822
18-10-2014,0,580,3981500,0.96583,60842,19699.4422,69.22460628
19-10-2014,0,498,3968000,0.994436,47858,19989.42005,60.07959114
20-10-2014,0,571,4110980,0.950394,86281,19328.80296,70.97825808
21-10-2014,0,707,3949060,0.957783,50963,19065.6485,79.36976359
22-10-2014,0,592,3987300,0.946716,63727,18988.70131,69.69565559
23-10-2014,0,701,3944870,0.865496,97124,19438.44251,84.82857724
24-10-2014,0,688,3541880,0.762157,52867,19821.31279,82.46042509
25-10-2014,0,629,3227940,0.739802,54596,19855.26745,78.48564639
26-10-2014,0,670,3142310,0.694402,37577,18854.04057,83.9603454
27-10-2014,0,626,2974520,0.722831,141319,18940.60195,77.4960144
28-10-2014,0,909,3016260,0.689257,82389,18853.94262,112.610636
29-10-2014,0,608,2958330,0.63306,23967,18630.36679,73.85574513
30-10-2014,0,690,2731100,0.614064,48427,19770.64535,88.9085662
31-10-2014,0,562,2663690,0.607218,37303,19416.01373,73.90408564
01-11-2014,0,535,2647220,0.585832,33872,19771.45951,69.58517027
02-11-2014,0,446,2568260,0.579494,26877,19343.738,57.74151257
03-11-2014,0,449,2541950,0.576323,40900,18841.9877,61.15335195
04-11-2014,0,580,2543340,0.547635,42253,18434.9983,75.87262091
05-11-2014,0,561,2430850,0.571982,25458,19511.0796,73.37975502
06-11-2014,0,538,2540200,0.595903,28528,18049.94322,69.44159864
07-11-2014,0,575,2626730,0.616295,29987,20633.91279,74.87884299
08-11-2014,0,535,2785880,0.643877,40713,19471.05933,63.16240086
09-11-2014,0,517,2903700,0.721369,44247,17149.00657,64.64874485
10-11-2014,0,607,3246790,0.735697,67836,18698.38174,77.02706996
11-11-2014,0,693,3341990,0.717955,30147,19739.29013,88.73862309
12-11-2014,0,533,3282510,0.73232,75047,18273.96575,69.43398928
13-11-2014,0,1034,3374860,0.70453,41143,19084.7755,91.8244581
14-11-2014,0,868,3227210,0.689225,65338,18694.5554,67.45018291
15-11-2014,0,811,3202520,0.641145,31336,19752.33638,57.31767315
16-11-2014,0,796,2967190,0.654531,27107,18486.88067,58.20915275
17-11-2014,0,755,3039770,0.58478,152764,18487.1926,53.49081228
18-11-2014,0,715,2744180,0.599073,49912,18917.98326,70.06186634
19-11-2014,0,766,2806170,0.559003,25761,18670.38198,57.23827891
20-11-2014,0,521,2636230,0.525171,23232,18753.46974,48.04882571
21-11-2014,0,520,2449300,0.53249,34458,18365.72988,41.47885616
22-11-2014,0,656,2538420,0.534829,26877,19030.97297,50.32474772
23-11-2014,0,587,2557650,0.526897,31247,18472.44113,40.16893757
24-11-2014,0,687,2521740,0.53174,29694,18666.98041,48.69632852
25-11-2014,0,773,2558050,0.595471,84303,18183.8849,59.08752856
26-11-2014,0,1103,2814430,0.562741,29237,19096.72953,97.42923013
27-11-2014,0,928,2718540,0.55754,10861,18232.76916,75.05642946
28-11-2014,0,1176,2711830,0.564761,17670,18570.2797,108.8027612
29-11-2014,0,788,2757520,0.565711,17081,18681.28105,61.17501106
30-11-2014,0,663,2795300,0.567552,14933,18994.58243,49.01702756
01-12-2014,0,781,2778070,0.4745,78718,17406.67963,67.90497233
02-12-2014,0,780,2340440,0.527409,21322,17945.70176,64.43653133
03-12-2014,0,768,2619290,0.507566,26153,18718.71172,63.89624184
04-12-2014,0,633,2533220,0.456468,18052,18491.46266,49.04053438
05-12-2014,0,724,2273710,0.428893,45855,18495.89539,57.94684431
06-12-2014,0,632,2143880,0.443703,18704,18719.28997,50.21343238
07-12-2014,0,629,2232200,0.470556,21888,18834.44874,43.88176116
08-12-2014,0,561,2377730,0.448344,36453,18270.47242,41.60091789
09-12-2014,0,653,2267930,0.389608,28887,18216.00517,52.81588551
10-12-2014,0,627,1978920,0.389659,18125,18184.82044,46.87277571
11-12-2014,0,624,1959700,0.398488,22967,16403.66081,46.52362039
12-12-2014,0,652,1992170,0.375733,16404,18311.74421,47.22278996
13-12-2014,0,640,1899730,0.375961,17428,18601.98177,47.76337412
14-12-2014,0,564,1898350,0.383506,13827,18035.80446,40.1123789
15-12-2014,0,498,1956960,0.382897,23998,18345.47793,37.31484338
16-12-2014,0,618,1938870,0.337857,41022,17897.64137,47.65653769
17-12-2014,0,537,1755550,0.338319,33392,18147.6743,43.68028303
18-12-2014,0,720,1710790,0.316383,17760,17626.63669,65.55575252
19-12-2014,0,659,1599440,0.319859,16495,17965.63502,51.36502197
20-12-2014,0,933,1684180,0.339099,12708,18153.7448,93.37787691
21-12-2014,0,1314,1791620,0.343806,24432,17348.22847,158.6853677
22-12-2014,0,592,1823950,0.344799,19493,18145.57445,44.50869049
23-12-2014,0,798,1836840,0.381093,25039,17692.5744,64.2483273
24-12-2014,0,689,2046480,0.425367,64963,18420.5466,52.50315451
25-12-2014,0,762,2265570,0.452427,53937,17274.43008,57.66864551
26-12-2014,0,715,2451960,0.4337,35090,18065.44589,55.55896043
27-12-2014,0,665,2330360,0.510573,98086,17569.72794,54.09904655
28-12-2014,0,685,2757730,0.563872,117333,18266.62296,52.20238822
29-12-2014,0,834,3065720,0.487799,72362,18029.46733,60.13490005
30-12-2014,0,705,2670650,0.489046,57426,17457.05918,50.31074469
31-12-2014,0,836,2659040,0.43466,37598,17892.33762,66.29071683
01-01-2015,0,510,2391490,0.46576,25000,17600.8454,38.80214762
02-01-2015,0,359,2602560,0.459137,34884,16984.40745,34.14775573
03-01-2015,0,462,2525370,0.461172,42366,17517.75319,33.41558041
04-01-2015,0,580,2582190,0.417234,29438,17274.11873,44.99275135
05-01-2015,0,544,2283900,0.421412,35008,18001.12778,38.94630975
06-01-2015,0,770,2348070,0.461609,34747,17327.08058,71.05152118
07-01-2015,0,675,2578210,0.463607,21150,16047.34074,49.26313425
08-01-2015,0,701,2645040,0.429175,18235,17638.98763,53.813486
09-01-2015,0,661,2407840,0.431801,15357,17412.87405,54.28077878
10-01-2015,0,496,2400600,0.419216,23213,17343.56997,39.82417323
11-01-2015,0,604,2369310,0.378748,12932,17908.13905,51.07389661
12-01-2015,0,647,2149210,0.364316,12038,17157.90992,47.13073156
13-01-2015,0,486,2069830,0.309479,15632,17357.3445,36.54301555
14-01-2015,0,752,1714500,0.223522,20845,17404.90564,61.02585069
15-01-2015,0,681,1260140,0.261714,14019,17304.34732,54.92905578
16-01-2015,0,641,1496130,0.278449,14483,17758.78766,48.17327186
17-01-2015,0,602,1624370,0.248057,12834,17262.41934,43.25775902
18-01-2015,0,574,1436750,0.258656,11861,16848.30078,47.9621829
19-01-2015,0,425,1481490,0.254181,17060,17373.23735,31.22323231
20-01-2015,0,893,1474700,0.236223,8074,17431.22114,67.38582555
21-01-2015,0,631,1402630,0.261268,10021,16950.65209,44.58902997
22-01-2015,0,689,1528690,0.273442,15643,17367.39468,53.20601947
23-01-2015,0,731,1606240,0.283141,12269,16859.64437,61.56140459
24-01-2015,0,473,1646270,0.298369,16130,17231.81825,31.59011033
25-01-2015,0,323,1752130,0.310227,24533,17326.46056,26.12595688
26-01-2015,0,359,1867840,0.317078,29144,17291.65455,32.56460436
27-01-2015,0,979,1877370,0.320371,17844,16919.97307,86.07040413
28-01-2015,0,546,1897440,0.290979,16093,16655.65933,47.62626825
29-01-2015,0,630,1731140,0.309911,27625,17649.95886,48.71413828
30-01-2015,0,683,1831440,0.294018,21911,16698.08246,46.78285029
31-01-2015,0,531,1764140,0.284363,10211,17432.65448,38.78787756
01-02-2015,0,619,1706270,0.299954,17051,16461.03661,41.12384423
02-02-2015,0,606,1814850,0.301242,16725,17103.30887,42.76583775
03-02-2015,0,606,1820860,0.288734,11397,17124.9694,45.0145247
04-02-2015,0,662,1753690,0.289486,19736,16754.91522,48.53801062
05-02-2015,0,576,1761170,0.272273,13746,16669.59414,37.26581949
06-02-2015,0,699,1661450,0.270772,14473,17053.54778,54.0220618
07-02-2015,0,540,1656860,0.275702,12075,16704.77694,36.42321906
08-02-2015,0,763,1689980,0.265034,11615,17516.35294,72.70269593
09-02-2015,0,507,1591870,0.251738,12603,16528.20608,35.88545469
10-02-2015,0,598,1559910,0.244719,14973,16492.47178,44.62037149
11-02-2015,0,433,1512250,0.231497,23085,16904.02225,32.48425775
12-02-2015,0,633,1456630,0.246741,25486,16776.46097,43.68457634
13-02-2015,0,560,1554650,0.255641,12966,16715.97323,42.02589841
14-02-2015,0,612,1591440,0.280322,19546,16434.97778,48.52864071
15-02-2015,0,546,1749650,0.25138,13141,16833.33861,37.08403409
16-02-2015,0,603,1583380,0.251039,8801,17020.49876,43.76980266
17-02-2015,0,459,1577450,0.253231,16775,15643.51133,30.40616548
18-02-2015,0,551,1598190,0.248507,33558,16954.55456,33.97575715
19-02-2015,0,678,1573510,0.282791,35329,16674.36499,46.08773001
20-02-2015,0,554,1803180,0.305673,23536,16662.68905,35.58087318
21-02-2015,0,600,1939520,0.302557,14275,16434.01581,46.63459026
22-02-2015,0,513,1927720,0.313139,28371,16469.94274,37.8815705
23-02-2015,0,489,2005950,0.337887,82507,16664.98468,30.30688565
24-02-2015,0,881,2463620,0.340267,77991,16920.45963,67.60877884
25-02-2015,0,789,2150140,0.365243,33340,16313.99686,59.29503892
26-02-2015,0,555,2350210,0.357721,31163,16020.03943,39.06651499
27-02-2015,0,710,2305920,0.381008,36994,16463.67532,52.59749741
28-02-2015,0,530,2492860,0.427227,68062,16128.57879,35.89448861
01-03-2015,0,846,2769930,0.426028,23255,16532.3111,72.83452889
02-03-2015,0,764,2766530,0.428434,67915,16386.53421,53.46615628
03-03-2015,0,701,2792970,0.415078,23029,16218.55704,52.31909975
04-03-2015,0,830,2713080,0.413151,21345,16510.73563,79.75432768
05-03-2015,0,688,2705880,0.469626,45238,16056.74542,53.90407143
06-03-2015,0,650,3100550,0.486039,77668,15524.76563,50.14902495
07-03-2015,0,648,3198930,0.457321,25259,17071.95698,52.64410769
08-03-2015,0,529,3071180,0.484062,39107,16325.68082,44.05103104
09-03-2015,0,524,3236970,0.63489,110877,15782.56983,38.44249316
10-03-2015,0,644,4296870,0.791843,182299,16109.95319,49.00572637
11-03-2015,0,1130,5263560,0.715782,95830,16201.28259,92.45305301
12-03-2015,0,883,4766020,0.684608,62621,16483.51682,66.45216509
13-03-2015,0,707,4533130,0.644822,56953,15726.40132,51.77061903
14-03-2015,0,807,4240350,0.676167,83441,16672.6889,62.27955178
15-03-2015,0,671,4525900,0.69425,70322,15621.30628,53.10117899
16-03-2015,0,717,4675430,0.805943,110309,15922.71315,49.04744253
17-03-2015,0,1043,5438720,0.752221,61111,16249.25606,91.7378565
18-03-2015,0,792,5086120,0.638029,51858,15759.75203,59.9510232
19-03-2015,0,725,4381670,0.677382,52047,15948.41991,46.62968356
20-03-2015,0,824,4529630,0.633158,28023,16124.72569,49.48016281
21-03-2015,0,696,4374530,0.743222,61605,15937.60627,43.70833085
22-03-2015,0,784,5069650,0.777347,108985,15826.37021,50.87920196
23-03-2015,0,948,5300020,0.766353,45634,15497.55205,68.37840776
24-03-2015,0,1048,5255200,0.711852,52144,15696.38309,66.92980384
25-03-2015,0,774,4851810,0.767497,98536,15688.12079,43.9489628
26-03-2015,0,820,5285540,0.746328,44427,16045.58405,50.91278122
27-03-2015,0,797,5136280,0.777714,42036,15706.11647,60.26955789
28-03-2015,0,787,5389510,0.795417,74210,15634.70407,45.77209959
29-03-2015,0,834,5590830,0.712153,58609,15765.26206,50.64097574
30-03-2015,0,830,4993790,0.853188,108069,16110.32188,60.53153532
31-03-2015,0,860,6061480,0.907059,216122,15773.47911,50.71773617
01-04-2015,0,1169,6333310,1.01,119203,15946.27566,101.0001762
02-04-2015,0,986,7040630,0.96926,88831,15505.98687,72.06024056
03-04-2015,0,750,6853850,0.952245,139293,15636.7857,43.9380068
04-04-2015,0,804,6606150,0.85929,128977,15776.14394,49.05450229
05-04-2015,0,819,6037240,0.883731,143439,15546.47221,49.12935852
06-04-2015,0,855,6193760,0.789463,38051,15500.92758,52.67226733
07-04-2015,0,782,5576860,0.833302,95347,15322.50389,38.71584149
08-04-2015,0,697,5803160,0.755192,33421,15498.9444,40.0398998
09-04-2015,0,753,5365370,0.758207,24374,15603.11034,44.46066203
10-04-2015,0,745,5406330,0.800381,67091,15107.39608,47.47739477
11-04-2015,0,779,5739570,0.827207,45289,15651.80195,43.21687129
12-04-2015,0,685,5911570,0.800135,22665,15500.94208,38.79224956
13-04-2015,0,619,5735080,0.691741,66159,15443.58691,33.32390489
14-04-2015,0,763,5010540,0.656934,37452,15282.14597,47.5620825
15-04-2015,0,585,4724530,0.673307,21974,15330.18789,36.53702763
16-04-2015,0,709,4853110,0.678599,42962,15445.10469,43.4904453
17-04-2015,0,728,4903060,0.658304,27205,15496.1724,46.45964492
18-04-2015,0,701,4765990,0.694249,39375,15255.75381,56.74940458
19-04-2015,0,607,5023780,0.662209,15323,15384.91284,35.72557565
20-04-2015,0,629,4816330,0.678942,28005,14756.74083,36.69547245
21-04-2015,0,844,4968090,0.632725,101360,15570.06191,52.85628497
22-04-2015,0,757,4614040,0.576331,29956,15011.16065,46.00459969
23-04-2015,0,681,4221300,0.603233,45474,14874.72109,35.38935555
24-04-2015,0,689,4375970,0.569937,18883,15374.47403,36.26347227
25-04-2015,0,578,4205970,0.56474,77248,15301.64566,30.39286965
26-04-2015,0,572,4150550,0.556385,19954,15511.77674,31.87604371
27-04-2015,0,601,4105850,0.566088,26268,14637.60521,31.40354809
28-04-2015,0,593,4185340,0.47931,97890,15113.5205,33.74347108
29-04-2015,0,575,3589430,0.491526,29029,14995.51825,35.65023462
30-04-2015,0,585,3655310,0.501179,29589,14996.25307,36.00902307
01-05-2015,0,543,3734140,0.499998,13570,15010.35726,30.74727808
02-05-2015,0,567,3713670,0.497577,12363,14861.90017,34.39593613
03-05-2015,0,563,3675710,0.499079,13646,15116.35976,29.64523858
04-05-2015,0,546,3703540,0.467889,19414,14854.1311,31.1671739
05-05-2015,0,702,3476820,0.471166,22379,14849.62016,43.46667037
06-05-2015,0,621,3499060,0.458257,29928,14874.97435,33.26026594
07-05-2015,0,557,3407420,0.473934,29403,14890.7616,33.03693925
08-05-2015,0,512,3521290,0.490568,13967,14992.16612,27.80008405
09-05-2015,0,635,3711700,0.513693,33579,14978.17813,35.384467
10-05-2015,0,505,3900430,0.565103,25842,14669.86019,27.18250376
11-05-2015,0,489,4257390,0.511342,40270,14693.2056,28.02849779
12-05-2015,0,618,3900190,0.477612,27612,15094.17694,34.16275997
13-05-2015,0,661,3631200,0.483207,22340,14236.98265,42.10263692
14-05-2015,0,562,3685290,0.495548,24386,15015.81803,30.52260545
15-05-2015,0,601,3791680,0.544965,36937,14888.88929,28.36536289
16-05-2015,0,556,4187560,0.595673,48492,15126.90524,28.255999
17-05-2015,0,567,4589620,0.557216,38552,14753.26488,35.18931802
18-05-2015,0,559,4298940,0.535773,66440,15020.81102,31.7911007
19-05-2015,0,678,4122390,0.51466,64157,14215.15119,36.9132322
20-05-2015,0,1090,3975640,0.492917,62290,14946.94659,76.38015137
21-05-2015,0,709,3965800,0.462956,110387,14410.36919,36.71651983
22-05-2015,0,529,3620250,0.460764,52852,14493.62287,28.11811426
23-05-2015,0,562,3563310,0.470987,28017,15134.76528,30.30616633
24-05-2015,0,529,3661790,0.479603,12799,14342.99295,24.23149456
25-05-2015,0,553,3736440,0.463606,28042,14615.27393,29.63814536
26-05-2015,0,532,3619900,0.446883,32411,14241.27668,32.0137037
27-05-2015,0,483,3505500,0.421971,44220,14658.79278,26.08171944
28-05-2015,0,533,3337830,0.443637,29630,14374.897,30.14524645
29-05-2015,0,506,3488920,0.439872,29580,14284.37844,33.95037646
30-05-2015,0,566,3469710,0.445107,16705,13978.94475,29.75147214
31-05-2015,0,553,3514770,0.450889,44096,14665.69009,35.1857377
01-06-2015,0,568,3561950,0.451619,21924,14498.73499,31.60351288
02-06-2015,0,465,3596230,0.455539,42022,13905.1203,24.56139237
03-06-2015,0,557,3600960,0.453476,20468,14650.77036,31.86127829
04-06-2015,0,592,3600680,0.476494,27086,14481.30908,29.12360354
05-06-2015,0,473,3788650,0.498892,33178,14079.11155,28.92162409
06-06-2015,0,598,4021480,0.526428,61552,14519.66562,32.29978364
07-06-2015,0,516,4201680,0.517933,60901,14898.94929,33.28664954
08-06-2015,0,619,4123340,0.542956,60437,13675.70871,40.10211155
09-06-2015,0,514,4352640,0.495991,84617,14260.96878,30.58623406
10-06-2015,0,459,3962800,0.479738,18563,13962.52621,29.42378234
11-06-2015,0,594,3851510,0.462852,39601,14101.18647,39.442177
12-06-2015,0,659,3718430,0.470966,37697,14030.52002,46.83039191
13-06-2015,0,507,3796760,0.489472,38193,14202.04633,35.17838299
14-06-2015,0,483,3941870,0.49497,25286,14354.08498,25.16581587
15-06-2015,0,541,4007810,0.508224,27100,14242.67594,31.48574821
16-06-2015,0,562,4095180,0.506086,47599,13672.37218,30.57914682
17-06-2015,0,497,4123450,0.50334,35110,14305.89565,25.86616303
18-06-2015,0,698,4092280,0.50388,18521,14270.74618,56.18623018
19-06-2015,0,619,4107130,0.511796,36206,13593.7432,47.6284232
20-06-2015,0,569,4197910,0.53798,46906,14600.89012,27.59542409
21-06-2015,0,464,4396240,0.523274,20026,14095.28181,27.26591574
22-06-2015,0,553,4310580,0.540599,24145,13875.58862,27.1761452
23-06-2015,0,569,4436020,0.526921,34151,13944.33323,31.69357902
24-06-2015,0,529,4331280,0.506506,30722,13558.3434,33.8905954
25-06-2015,0,510,4194070,0.503678,20286,13836.42795,26.3421715
26-06-2015,0,561,4153430,0.484247,27929,14168.4445,30.54926754
27-06-2015,0,575,3992970,0.491951,25068,13916.9566,26.1468847
28-06-2015,0,395,4054450,0.470636,35450,14334.21949,24.98281042
29-06-2015,0,618,3893490,0.493447,38116,13366.01408,29.11365931
30-06-2015,0,550,4097860,0.500266,20586,14158.71517,35.59340803
01-07-2015,0,510,4152950,0.498848,16986,13455.84976,24.15427538
02-07-2015,0,491,4156770,0.492605,23017,13733.26062,27.02917773
03-07-2015,0,549,4111000,0.491196,19161,13684.76931,34.21859775
04-07-2015,0,536,4114420,0.507361,9823,13793.02393,29.44450627
05-07-2015,0,447,4244470,0.521969,21263,13813.7354,22.3801719
06-07-2015,0,491,4378680,0.505507,33776,13621.87608,21.65143871
07-07-2015,0,529,4260280,0.512376,15739,13755.64813,32.27318496
08-07-2015,0,458,4302200,0.51399,19413,13481.85861,21.73964789
09-07-2015,0,569,4333650,0.497226,32530,13760.88586,38.97963362
10-07-2015,0,419,4099850,0.520876,31812,13682.07799,24.32913556
11-07-2015,0,603,4388740,0.539175,18728,13500.63807,29.94551069
12-07-2015,0,589,4545280,0.628094,66012,14083.39564,40.44307332
13-07-2015,0,494,5323920,0.572132,17500,13539.26801,29.88876199
14-07-2015,0,573,4819400,0.570033,13521,13510.83865,31.88637839
15-07-2015,0,481,4789930,0.541855,20021,13539.94333,23.17878636
16-07-2015,0,478,4613990,0.536325,13229,13615.76173,24.99855391
17-07-2015,0,489,4577990,0.535182,10526,13561.13611,24.12052145
18-07-2015,0,358,4575510,0.523595,15685,12855.04741,17.93923446
19-07-2015,0,594,4521330,0.537989,15024,13232.12698,27.01179806
20-07-2015,0,445,4621200,0.547709,22420,13541.6524,27.33681152
21-07-2015,0,606,4715320,0.587578,44363,13555.03041,42.8855019
22-07-2015,0,520,5048500,0.57342,28612,13316.88817,41.55080114
23-07-2015,0,610,4939510,0.570335,36815,13911.11807,40.16650915
24-07-2015,0,501,4888280,0.576016,17108,13639.47855,24.63233879
25-07-2015,0,428,4977960,0.566003,28011,13647.89948,24.67607676
26-07-2015,0,480,4928700,0.584723,19209,12916.10148,28.10407457
27-07-2015,0,603,5034590,0.59605,18318,13488.67258,52.86712179
28-07-2015,0,544,5175100,0.615015,31583,13499.26133,33.15994547
29-07-2015,0,614,5357820,0.589967,23624,13050.43013,44.98900622
30-07-2015,0,543,5137850,0.583228,18356,13526.36763,43.35417279
31-07-2015,0,554,5084350,0.574956,17852,12757.57662,42.22768065
01-08-2015,0,508,5018000,0.588741,47982,13304.65206,40.38933163
02-08-2015,0,467,5149630,0.624904,58236,13491.92123,35.52125932
03-08-2015,0,680,5484180,0.595818,41078,13091.22828,64.85227892
04-08-2015,0,580,5221610,0.618406,23130,13258.73647,38.13364841
05-08-2015,0,470,5426410,0.618616,31532,12981.30867,35.35855833
06-08-2015,0,616,5416470,0.729102,179684,12789.88784,46.1984766
07-08-2015,0,800,6425560,0.742292,128615,13032.14189,75.95930019
08-08-2015,0,711,6557890,0.676046,58680,13166.91929,55.7585074
09-08-2015,0,551,5976810,0.674739,101826,13140.39549,44.05070227
10-08-2015,0,585,6080090,0.656576,33307,13161.05011,52.85904999
11-08-2015,0,429,5823060,0.603582,69221,12962.52396,27.43412453
12-08-2015,0,601,5361380,0.622923,51925,13137.6888,54.25884247
13-08-2015,0,466,5474580,0.575855,51260,13271.50473,39.38177563
14-08-2015,0,537,5130060,0.609906,49540,13227.34139,44.49158364
15-08-2015,0,362,5453670,0.613236,49051,12719.4731,20.58427759
16-08-2015,0,487,5478570,0.620167,64263,12753.10515,36.87899904
17-08-2015,0,706,5544840,0.610122,45312,12778.03222,53.12168929
18-08-2015,0,641,5466910,0.493284,32718,13055.51401,31.60693506
19-08-2015,0,540,4378560,0.534101,35406,13229.23458,26.73480332
20-08-2015,0,448,4861220,0.597797,69637,12551.88919,19.91709272
21-08-2015,0,473,5385120,0.568307,40345,12435.56233,25.4764702
22-08-2015,0,580,5115700,0.553084,22258,13667.45127,32.52662819
23-08-2015,0,377,4988090,0.544585,31062,12711.43353,24.77097144
24-08-2015,0,409,4901250,0.434871,77454,12493.02704,20.48334978
25-08-2015,0,553,3918090,0.490286,32249,12959.5788,29.64132683
26-08-2015,0,514,4440300,0.496679,18296,12439.12166,28.32912517
27-08-2015,0,439,4500310,0.465475,22233,13129.23916,29.51235167
28-08-2015,0,480,4227600,0.481627,24895,12611.33558,23.64424395
29-08-2015,0,419,4337790,0.47655,30004,12718.57225,28.1447558
30-08-2015,0,418,4341760,0.459009,19851,12783.24741,19.49831547
31-08-2015,0,582,4250620,0.467238,20464,12668.35531,22.58321619
01-09-2015,0,617,4269290,0.458517,13804,12672.47018,32.72141642
02-09-2015,0,684,4185830,0.468083,17633,12226.25855,37.4387041
03-09-2015,0,644,4293320,0.45929,26802,12997.92805,35.05182677
04-09-2015,0,645,4216670,0.467874,19213,12708.16245,53.08041721
05-09-2015,0,447,4326210,0.481594,25003,12342.93753,25.03920041
06-09-2015,0,507,4430410,0.505111,20838,12511.40765,22.74217437
07-09-2015,0,427,4653130,0.499452,14904,12218.22254,24.8626368
08-09-2015,0,513,4600200,0.517402,23332,12936.42421,22.56658135
09-09-2015,0,441,4776830,0.506011,46479,13101.85445,20.39516965
10-09-2015,0,474,4682800,0.497247,19215,12099.08678,27.77227168
11-09-2015,0,499,4604850,0.495325,25292,12504.16033,26.98188817
12-09-2015,0,404,4592370,0.465473,21998,12459.70237,29.85941917
13-09-2015,0,389,4317610,0.462865,18133,12376.65647,20.13839679
14-09-2015,0,565,4264430,0.482289,61609,12218.82675,25.05433927
15-09-2015,0,641,4502900,0.502379,40322,12383.15151,29.31510677
16-09-2015,0,553,4682750,0.509974,42561,12550.0224,32.78848146
17-09-2015,0,481,4762110,0.494782,63098,12223.43394,37.54807862
18-09-2015,0,559,4626560,0.50044,12727,12298.96123,27.37549002
19-09-2015,0,519,4666030,0.496418,13090,12201.47918,29.81559112
20-09-2015,0,479,4672440,0.485971,23345,12397.39281,25.28544786
21-09-2015,0,358,4581520,0.480452,10323,12665.42532,21.57374644
22-09-2015,0,525,4520690,0.471829,20004,12259.17527,24.3353886
23-09-2015,0,465,4397630,0.464606,26708,12097.40822,22.47857206
24-09-2015,0,515,4377470,0.468678,16085,12422.23699,25.12942424
25-09-2015,0,468,4436980,0.451515,72674,11898.21628,26.02643356
26-09-2015,0,547,4285200,0.445105,39062,12371.05834,28.38931714
27-09-2015,0,543,4209850,0.43771,15986,12355.91459,30.58280576
28-09-2015,0,527,4176170,0.448998,22851,12261.40858,24.1769373
29-09-2015,0,455,4259180,0.435817,18912,12055.46457,27.56834296
30-09-2015,0,490,4154530,0.399882,91652,12306.27459,25.04122296
01-10-2015,0,557,3813330,0.404696,27172,12273.10692,31.08599039
02-10-2015,0,391,3858300,0.409897,24588,11865.82636,23.05726201
03-10-2015,0,614,3902290,0.409928,15752,11915.09321,28.80998905
04-10-2015,0,439,3910740,0.400312,7905,12267.19215,19.84443774
05-10-2015,0,503,3824600,0.416151,17443,11491.0693,29.95212837
06-10-2015,0,437,3971950,0.411378,13031,12207.96518,23.85448448
07-10-2015,0,464,3935680,0.393186,19953,11904.4093,23.16403798
08-10-2015,0,548,3773330,0.387872,28191,12476.18277,34.35619442
09-10-2015,0,567,3741360,0.397329,20221,12299.17351,31.63209549
10-10-2015,0,434,3794300,0.387789,12722,11908.58817,36.79035851
11-10-2015,0,385,3733480,0.380724,33411,12007.86816,19.36729511
12-10-2015,0,635,3666600,0.395317,17245,11442.72489,47.38526756
13-10-2015,0,450,3827290,0.388015,20881,12191.6665,25.23490645
14-10-2015,0,444,3755190,0.384266,20717,12042.36517,21.24270118
15-10-2015,0,497,3710570,0.390841,26749,11847.1307,37.822365
16-10-2015,0,464,3812460,0.411511,35622,11692.59255,28.88620068
17-10-2015,0,424,3999330,0.426942,25424,12044.13819,21.73229864
18-10-2015,0,473,4138260,0.409797,10726,11769.55522,22.5880564
19-10-2015,0,492,3985030,0.403212,30649,12019.34951,24.40442116
20-10-2015,0,551,3865110,0.399646,36344,11577.8764,29.8459786
21-10-2015,0,484,3907320,0.394597,21249,11654.53988,25.81172034
22-10-2015,0,520,3852920,0.403236,14927,12276.99576,29.6343626
23-10-2015,0,545,3942040,0.393922,23478,11278.52578,39.21730429
24-10-2015,0,533,3834210,0.395808,21783,12314.59682,34.03491827
25-10-2015,0,434,3875360,0.407067,28219,11788.23599,22.91549057
26-10-2015,0,424,3999670,0.38796,20914,11927.74691,31.78958035
27-10-2015,0,724,3838270,0.409574,23061,11448.24343,35.1505046
28-10-2015,0,441,4037860,0.448829,41102,11969.153,34.90024479
29-10-2015,0,563,4403050,0.447103,45553,11372.29399,27.46706394
30-10-2015,0,413,4410090,0.456442,66360,11634.61888,27.97141447
31-10-2015,0,501,4463440,0.404538,19924,11415.52418,25.12257259
01-11-2015,0,420,3974440,0.423505,27614,11662.18835,38.65954396
02-11-2015,0,584,4184520,0.442886,45683,11596.81464,24.00717622
03-11-2015,0,455,4385640,0.442707,71241,11294.66865,24.73460716
04-11-2015,0,613,4428490,0.505869,81510,11810.94255,32.12379684
05-11-2015,0,545,4981470,0.43253,18894,11123.24247,48.80694421
06-11-2015,0,608,4312520,0.439195,17578,12041.71512,35.15298618
07-11-2015,0,361,4375090,0.452638,15748,11430.15975,21.91628784
08-11-2015,0,399,4501570,0.497654,50506,11455.2829,18.39399883
09-11-2015,0,450,4974750,0.472776,33642,11180.25541,21.72988835
10-11-2015,0,498,4704550,0.460954,30024,11334.42689,27.08541023
11-11-2015,0,551,4571590,0.450299,39549,11682.58393,37.12443576
12-11-2015,0,481,4506870,0.443275,46397,11207.57984,24.99462367
13-11-2015,0,416,4430220,0.452619,25508,11475.40418,18.66781021
14-11-2015,0,370,4508820,0.424853,22033,11251.38487,23.00374029
15-11-2015,0,499,4266860,0.43081,23747,11524.25642,20.0546129
16-11-2015,0,390,4327140,0.435954,15841,11203.94006,21.98349803
17-11-2015,0,538,4386510,0.428999,11601,11277.11695,26.38648158
18-11-2015,0,458,4354230,0.415567,19508,12041.929,26.57199338
19-11-2015,0,460,4191680,0.407052,23986,10942.96299,24.0899637
20-11-2015,0,496,4074550,0.389316,9764,11134.8816,25.85640672
21-11-2015,0,421,3945290,0.391906,29577,11256.152,22.55183319
22-11-2015,0,405,3956810,0.395824,8345,11304.78891,18.91551667
23-11-2015,0,415,4012210,0.391113,7900,11042.50978,22.03891963
24-11-2015,0,393,3963690,0.390148,13449,11441.02291,20.45370169
25-11-2015,0,467,3974460,0.387684,18839,11677.84476,22.106763
26-11-2015,0,391,3933670,0.404663,29751,10942.89365,18.70709229
27-11-2015,0,432,4079510,0.386268,30668,10918.47545,23.84166978
28-11-2015,0,471,3930100,0.39204,14046,11173.31747,26.60194993
29-11-2015,0,424,4001630,0.401147,14276,11488.36449,22.13415426
30-11-2015,0,452,4095740,0.395225,30652,11274.94983,27.06482438
01-12-2015,0,604,4016600,0.376028,20746,10944.68973,40.00664345
02-12-2015,0,492,3846870,0.368688,15544,10924.85883,28.69073074
03-12-2015,0,445,3776240,0.366891,19257,11231.57721,25.06911226
04-12-2015,0,460,3797980,0.370805,22222,10938.92054,26.86594213
05-12-2015,0,477,3815610,0.451304,61840,11450.6047,26.87242563
06-12-2015,0,641,4533980,0.439947,43779,11060.18844,31.20549888
07-12-2015,0,385,4404700,0.421295,29885,11014.22577,27.01314373
08-12-2015,0,604,4335150,0.42936,40491,10983.84857,29.85643026
09-12-2015,0,339,4451310,0.452073,35438,11288.55633,19.83040635
10-12-2015,0,437,4649320,0.431434,22548,11177.75232,24.91544163
11-12-2015,0,441,4448200,0.458294,19202,10325.90899,24.5193723
12-12-2015,0,602,4751070,0.455326,17071,11080.42069,45.62924837
13-12-2015,0,450,4714140,0.465171,28983,10831.07793,30.6468611
14-12-2015,0,465,4910560,0.534761,98330,10463.57459,30.25594252
15-12-2015,0,585,5561680,0.556358,38572,10696.70574,33.12317633
16-12-2015,0,464,5769580,0.518993,27338,10795.57504,28.86580087
17-12-2015,0,453,5394470,0.501231,19565,11343.45305,29.09166755
18-12-2015,0,435,5211360,0.499438,18904,10537.84212,23.4569027
19-12-2015,0,416,5200550,0.471013,23387,11145.0625,23.5715869
20-12-2015,0,340,4930890,0.507456,43384,10976.7848,21.62790613
21-12-2015,0,628,5272120,0.488745,56810,10398.31101,45.1168907
22-12-2015,0,517,5101530,0.480099,25924,11160.75721,33.06034098
23-12-2015,0,479,5007830,0.482244,36501,10481.17226,30.41826344
24-12-2015,0,479,5034380,0.490058,23611,10795.41702,28.35986899
25-12-2015,0,524,5129570,0.484163,9978,10810.90916,29.099399
26-12-2015,0,303,5128550,0.446716,16968,11116.1257,19.80545529
27-12-2015,0,492,4713750,0.451554,16567,10725.86135,40.38141631
28-12-2015,0,539,4752790,0.446928,14727,10517.13932,24.498729
29-12-2015,0,283,4700130,0.45616,14980,10496.94648,19.36537789
30-12-2015,0,646,4806230,0.441028,34389,10622.71661,39.36022373
31-12-2015,0,442,4654080,0.470402,27510,10798.06425,29.16297224
01-01-2016,0,450,4967640,0.497867,88914,10611.64902,26.79920103
02-01-2016,0,489,5264120,0.532668,64901,10687.14514,27.00936989
03-01-2016,0,468,5634660,0.500312,43237,10710.44237,29.22330132
04-01-2016,0,441,5357790,0.517388,29381,10531.64945,24.37101256
05-01-2016,0,755,5482480,0.499272,30449,10464.38761,68.03357844
06-01-2016,0,462,5295000,0.505053,19057,10705.95812,27.92621884
07-01-2016,0,479,5341860,0.492529,47307,10233.02179,31.9791175
08-01-2016,0,444,5209180,0.488417,19424,10841.26068,25.32211594
09-01-2016,0,417,5161200,0.490135,29526,10534.0966,29.9602455
10-01-2016,0,456,5215390,0.488578,31087,10654.44397,25.39711086
11-01-2016,0,553,5237660,0.482049,22051,10651.24581,33.33927775
12-01-2016,0,474,5135940,0.490113,51116,10010.11573,30.43610753
13-01-2016,0,451,5188720,0.484302,43051,11020.61762,26.20493873
14-01-2016,0,401,5186490,0.486483,34524,10075.91889,27.21241827
15-01-2016,0,439,5197330,0.428456,43534,10566.95254,28.9249539
16-01-2016,0,387,4573430,0.496668,38893,10118.91736,28.1930997
17-01-2016,0,406,5351640,0.450774,61136,10561.67466,28.12277647
18-01-2016,0,421,4797500,0.502346,65860,10399.47144,32.60183958
19-01-2016,0,989,5427510,0.545904,91400,10391.82712,110.3361258
20-01-2016,0,587,5842690,0.535095,120678,10094.85405,57.56593359
21-01-2016,0,770,5722620,0.549362,65915,10587.93234,64.92061874
22-01-2016,0,452,5944340,0.536995,66462,10167.24483,38.33426119
23-01-2016,0,545,5787340,0.61602,187212,10652.81659,34.7565421
24-01-2016,0,466,6653740,0.62205,145260,10548.78147,36.44376413
25-01-2016,0,633,6772480,0.581354,74134,10541.52447,47.14285789
26-01-2016,0,488,6303850,0.584982,85768,10069.54671,33.93516205
27-01-2016,0,388,6329330,0.61087,122466,10494.17219,25.40521761
28-01-2016,0,517,6616930,0.563129,50054,10592.10657,37.39158272
29-01-2016,0,530,6127640,0.51825,82072,9879.97152,40.06406027
30-01-2016,0,428,5602610,0.511528,40357,10465.09918,27.97363307
31-01-2016,0,343,5562150,0.483429,43787,9888.18338,20.40546305
01-02-2016,0,423,5291940,0.497962,42354,10163.40465,27.25468989
02-02-2016,0,402,5479010,0.501037,20583,9854.676175,23.78485712
03-02-2016,0,488,5461780,0.491974,26092,10179.44466,39.59501048
04-02-2016,0,401,5397650,0.507164,31220,9799.715441,24.68364879
05-02-2016,0,530,5531990,0.496352,49762,10612.33035,31.52518648
06-02-2016,0,401,5394270,0.480421,35794,9959.524035,25.55409363
07-02-2016,0,379,5295570,0.479407,53520,9973.884717,24.21396858
08-02-2016,0,636,5235370,0.481636,30834,10260.35475,29.81420353
09-02-2016,0,335,5277410,0.46485,39705,10233.90544,23.0626105
10-02-2016,0,352,5097630,0.480424,52572,10090.49162,23.56180717
11-02-2016,0,524,5260650,0.516381,227183,10288.28178,33.77198515
12-02-2016,0,539,5688740,0.612499,173507,10069.52141,39.21412663
13-02-2016,0,453,6657360,0.804311,1044850,9936.997318,24.39242437
14-02-2016,0,1085,8863020,0.846403,564309,10085.07865,104.3756895
15-02-2016,0,744,9108640,0.791647,450366,10280.20677,52.91028688
16-02-2016,0,837,8732960,0.935744,846371,9906.317126,46.59827843
17-02-2016,0,882,10508400,0.733156,623116,10029.25047,72.15523708
18-02-2016,0,724,8088710,0.774533,220495,10114.46795,50.58879483
19-02-2016,0,460,8569200,0.819088,199937,9897.65572,30.86320955
20-02-2016,0,477,9170240,0.824465,308919,9884.250482,31.82412835
21-02-2016,0,539,9108810,0.782148,180109,9674.669161,33.86748825
22-02-2016,0,645,8644680,0.77803,131583,10089.77395,32.55689581
23-02-2016,0,575,8659060,0.756528,81027,10036.93976,35.34916099
24-02-2016,0,470,8412300,0.801251,121771,9894.207234,27.90305876
25-02-2016,0,527,8966000,0.806427,234953,9691.192521,37.20886378
26-02-2016,0,518,8971020,0.813595,75396,10062.87291,34.07280722
27-02-2016,0,490,9136830,0.8297,101882,9829.449089,33.52295608
28-02-2016,0,492,9239080,0.870485,145400,9775.236303,37.30535803
29-02-2016,0,428,9709570,0.870503,136190,9702.439008,27.00040281
01-03-2016,0,615,9715260,0.847996,204620,9618.851654,35.84759761
02-03-2016,0,548,9459500,0.827633,127689,9933.089008,37.34095904
03-03-2016,0,492,9215560,1.09,782236,9657.904111,29.07933192
04-03-2016,0,861,12255400,1.1,822636,9902.662239,67.69139729
05-03-2016,0,1190,12335200,1.2,1150340,9750.75632,113.3569258
06-03-2016,0,1262,13405300,1.2,912620,9915.958891,100.1514562
07-03-2016,0,876,13540700,1.07,514730,9364.935892,63.79601692
08-03-2016,0,783,12128800,1.19,339627,10116.99565,67.75126843
09-03-2016,0,556,13340700,1.24,826080,9687.319822,45.21748418
10-03-2016,0,645,14035500,1.09,437740,9734.677708,44.39206073
11-03-2016,0,622,12350800,1.1,134947,9702.118273,40.65415404
12-03-2016,0,470,12375400,1.15,332215,9922.592478,30.21591798
13-03-2016,0,485,13009500,1.24,276132,9725.919,32.02777376
14-03-2016,0,582,13996400,1.12,195842,9346.274806,46.37237487
15-03-2016,0,758,12636200,1.14,221688,9676.369026,38.58307969
16-03-2016,0,664,12879300,1.15,156281,9609.05374,49.84718631
17-03-2016,0,529,12979400,1.3,510610,9918.334255,28.78824152
18-03-2016,0,471,14849600,1.15,408786,9409.311989,27.99109465
19-03-2016,0,788,13006700,1.21,273033,9771.248489,65.83175917
20-03-2016,0,644,13655000,1.52,979776,9809.429685,51.93987983
21-03-2016,0,817,17283300,1.49,819654,9526.460929,73.44516649
22-03-2016,0,745,16789700,1.39,601296,9276.79348,53.50279768
23-03-2016,0,833,15365800,1.45,439967,9548.879525,68.55313695
24-03-2016,0,561,16565500,1.7,1231660,8365.383695,55.40002738
25-03-2016,0,532,19285200,1.6,742739,10218.37884,81.84808076
26-03-2016,0,794,18282700,1.7,505566,11004.66162,118.9920636
27-03-2016,0,662,19298200,1.53,981701,9874.409855,103.9152379
28-03-2016,0,736,17537000,1.49,591183,9565.703182,104.8652081
29-03-2016,0,565,17031100,1.49,324528,10050.51211,64.83839563
30-03-2016,0,546,16984700,1.45,324062,8848.386192,62.9902655
31-03-2016,0,654,16467000,1.4,197875,9691.219922,57.08776224
01-04-2016,0,632,16163900,1.46,353597,9136.614544,78.47816355
02-04-2016,0,387,16776400,1.55,438901,9884.474384,28.98394125
03-04-2016,0,838,17571800,1.54,255047,9383.419958,205.2990151
04-04-2016,0,537,17833100,1.6,296207,9586.071446,59.41234396
05-04-2016,0,506,18159400,1.52,404485,10040.38975,43.22023408
06-04-2016,0,542,17481400,1.51,253803,9339.175711,39.55702773
07-04-2016,0,432,17377700,1.5,293003,8916.880802,37.41337774
08-04-2016,0,439,17391700,1.24,535958,8563.793277,35.20971787
09-04-2016,0,428,14502600,1.13,937009,10370.5054,42.7809276
10-04-2016,0,531,13205500,1.1,1270300,9143.133141,45.8504559
11-04-2016,0,521,12947200,1.02,307904,9343.028982,42.70829374
12-04-2016,0,482,11826700,0.955986,607158,8816.245336,52.14454212
13-04-2016,0,461,10937600,1.03,411783,9579.407352,39.88189745
14-04-2016,0,432,11927900,1.01,199039,9933.929245,31.08531214
15-04-2016,0,579,11676400,0.990145,366008,8558.284608,99.57154202
16-04-2016,0,512,11497200,0.977983,111910,9292.974917,70.71731128
17-04-2016,0,385,11365600,1.04,306365,9696.444324,38.88287891
18-04-2016,0,463,12039000,1.11,294792,9432.801109,71.32873272
19-04-2016,0,383,12966100,1.11,279257,9463.380951,33.46684866
20-04-2016,0,387,12979400,1.06,317076,9409.010949,37.43844829
21-04-2016,0,418,12296600,0.977233,217840,9268.14578,34.92503599
22-04-2016,0,392,11296200,0.980429,142996,9678.378906,39.2130456
23-04-2016,0,378,11414300,1.04,111624,9461.266844,35.51875633
24-04-2016,0,303,12074100,1.01,117386,9048.509132,28.38353415
25-04-2016,0,451,11946300,0.953362,209133,9319.371975,35.81483569
26-04-2016,0,364,11259900,0.884295,339835,9024.921885,30.47901463
27-04-2016,0,317,10469100,0.941531,300067,9217.84685,28.67447627
28-04-2016,0,478,11056500,0.904794,98147,8729.931357,44.49757119
29-04-2016,0,447,10610600,0.883684,101368,9309.233837,34.98664917
30-04-2016,0,511,10370200,0.916537,127183,9736.483392,49.23369867
01-05-2016,0,315,10770300,0.914293,64193,9652.017239,28.55911159
02-05-2016,0,265,10712600,0.964395,212997,8720.766452,23.35056435
03-05-2016,0,507,11338900,0.908237,103842,9053.277824,37.4038005
04-05-2016,0,322,10803000,0.916455,102053,9028.561793,26.91412693
05-05-2016,0,363,10799800,0.906841,76568,9624.93622,33.58321506
06-05-2016,0,381,10696600,0.877466,71046,9050.712696,33.8059097
07-05-2016,0,312,10350800,0.880058,110546,8646.751363,29.96423684
08-05-2016,0,302,10400200,0.850586,76975,9574.294309,25.37734839
09-05-2016,0,362,10032500,0.825393,91542,9117.847498,29.34265258
10-05-2016,0,366,9770550,0.829463,134752,8688.790124,29.42670112
11-05-2016,0,379,9812260,0.85971,51107,9194.50621,29.72302273
12-05-2016,0,374,10187100,0.875668,88976,8915.511595,37.41056176
13-05-2016,0,376,10381100,0.847763,66386,8953.572536,43.18707909
14-05-2016,0,375,10051600,0.838895,27725,9180.416023,47.15886511
15-05-2016,0,275,9941400,0.823823,56531,9016.474556,32.27898567
16-05-2016,0,443,9796400,0.818356,107300,9442.999152,38.77448189
17-05-2016,0,464,9700450,0.813343,125123,9024.028513,71.1650516
18-05-2016,0,357,9638580,0.840542,214210,8805.634535,34.72321081
19-05-2016,0,315,9963010,0.853595,139069,8682.288291,31.37716392
20-05-2016,0,428,10180100,0.942222,314964,8943.673109,36.72787594
21-05-2016,0,415,11148000,0.975433,115767,9117.325409,42.44258198
22-05-2016,0,424,11561800,0.938764,194865,8743.802015,43.08843974
23-05-2016,0,435,11125300,0.91473,120334,9003.675486,37.99623312
24-05-2016,0,321,10932800,0.901127,220308,8846.109866,28.65529695
25-05-2016,0,311,10758600,0.865887,87610,8796.892953,37.20455512
26-05-2016,0,497,10366800,0.860175,100025,8675.052034,76.68147364
27-05-2016,0,321,10306700,0.859091,151612,9056.498264,26.76533823
28-05-2016,0,486,10333800,0.919737,174774,8170.41582,69.27945092
29-05-2016,0,361,11139000,0.881719,188141,9253.229083,29.78931711
30-05-2016,0,358,10573600,0.910537,66482,8905.016858,57.60012806
31-05-2016,0,491,10932000,0.928747,156718,8638.761545,56.82436112
01-06-2016,0,397,11234300,0.914871,105338,9227.626073,42.89763985
02-06-2016,0,644,10992500,0.92668,39987,8256.687128,78.90861264
03-06-2016,0,355,11159300,0.945202,74145,9361.788447,31.00877858
04-06-2016,0,359,11340400,0.974353,91404,8787.138857,28.08564437
05-06-2016,0,348,11742600,1,87680,8419.998467,36.33963065
06-06-2016,0,480,12135000,1.01,89836,9260.539956,37.19167123
07-06-2016,0,397,12082300,1.01,86376,8275.403159,41.73697396
08-06-2016,0,304,12232100,0.999952,70837,8737.707339,26.70601466
09-06-2016,0,396,12029500,1.11,483161,9223.986247,34.57795183
10-06-2016,0,383,13495300,1.15,267163,8700.113304,39.22284948
11-06-2016,0,359,13832200,1.14,207863,8364.642595,30.97579796
12-06-2016,0,542,13806400,1.25,285841,8787.172519,37.01450726
13-06-2016,0,389,15197600,1.28,276844,8966.856012,40.39541257
14-06-2016,0,531,15568200,1.39,268605,8749.736874,50.25618465
15-06-2016,0,408,16664500,1.46,334636,8617.045006,37.86529436
16-06-2016,0,525,17829600,1.58,349747,8507.535256,65.37678474
17-06-2016,0,587,19121000,1.75,643511,8500.074896,67.61739689
18-06-2016,0,471,21492400,2.01,2663250,8951.692812,51.36066381
19-06-2016,0,902,24740500,1.87,663871,8315.188584,95.71888405
20-06-2016,0,623,22717200,1.83,570846,8857.768513,52.84792984
21-06-2016,0,554,22278200,1.61,543359,8488.400902,53.50521908
22-06-2016,0,538,19621200,1.5,376492,8346.126451,46.38249515
23-06-2016,0,464,18208400,1.56,198638,8701.216302,40.62868908
24-06-2016,0,432,19077300,1.59,241911,8203.388573,35.88448286
25-06-2016,0,383,19305300,1.55,168083,9045.996085,35.82929488
26-06-2016,0,412,19071300,1.48,75189,8205.114074,33.5064258
27-06-2016,0,373,18138600,1.48,184373,8454.922018,29.36954354
28-06-2016,0,450,18129100,1.49,173566,8618.84547,35.02892967
29-06-2016,0,531,18335500,1.55,314944,8371.459801,49.36176759
30-06-2016,0,505,18945900,1.61,232728,8969.700563,50.11261606
01-07-2016,0,473,19525900,1.66,148728,8255.265965,37.65231459
02-07-2016,0,418,20444700,1.75,228270,8337.545256,35.05851579
03-07-2016,0,497,21541800,1.7,326072,8630.069428,36.75323151
04-07-2016,0,578,20912300,1.71,151474,8841.587209,45.96381736
05-07-2016,0,464,21078100,1.73,154989,8746.376392,46.0854382
06-07-2016,0,491,21273100,1.94,510090,8232.591865,39.02208896
07-07-2016,0,697,23934100,1.9,1565910,8340.920164,65.11038928
08-07-2016,0,729,23471600,1.98,433750,8867.793735,71.72931937
09-07-2016,0,546,24528700,1.96,307833,8491.059549,57.71416994
10-07-2016,0,429,24175800,1.91,224404,7966.802064,35.66931518
11-07-2016,0,416,23651500,1.98,213005,8788.928648,37.92557778
12-07-2016,0,573,24548500,1.99,347642,8060.715872,41.7143388
13-07-2016,0,525,24510200,1.93,294296,8510.892477,44.11307683
14-07-2016,0,545,24010100,2.01,172552,8037.194047,42.24005349
15-07-2016,0,430,24905300,1.99,189098,8823.296601,36.64483314
16-07-2016,0,412,24821700,1.98,69994,8360.597347,39.83057707
17-07-2016,0,418,24567700,1.99,167463,8131.630643,26.94725749
18-07-2016,0,461,24730000,1.95,108747,7776.15564,37.82630044
19-07-2016,0,465,24268200,1.9,206251,8922.870675,45.84827043
20-07-2016,0,419,23690500,1.76,368224,7972.219943,32.78471101
21-07-2016,0,484,22060100,1.74,143002,8383.992848,35.03583001
22-07-2016,0,525,21524900,1.83,183573,8144.106263,43.86247791
23-07-2016,0,363,22802400,1.89,132721,7608.374933,35.08066171
24-07-2016,0,409,23663800,1.88,161485,8065.75818,35.10388498
25-07-2016,0,370,23229400,1.85,94316,8486.702888,31.70111163
26-07-2016,0,345,23060800,1.83,268872,7849.374435,30.73806547
27-07-2016,0,496,22861700,1.94,257870,8055.968944,38.17315628
28-07-2016,0,405,24317300,1.85,190937,8067.855156,30.87801339
29-07-2016,0,461,23201700,1.89,106495,8394.869994,39.82573239
30-07-2016,0,357,23864700,1.91,71012,8316.519161,28.08379774
31-07-2016,0,365,23977300,1.82,147277,7729.694405,31.0138797
01-08-2016,0,546,22827700,1.7,170108,8270.633805,45.68479512
02-08-2016,0,433,21299600,1.49,303492,8090.143739,36.90999114
03-08-2016,0,415,18765200,1.57,190375,7641.437097,32.82125526
04-08-2016,0,411,19787700,1.85,497557,8270.552208,34.95170094
05-08-2016,0,529,23238600,1.79,134743,8159.119198,44.05088803
06-08-2016,0,376,22548300,1.88,268046,8393.347727,32.86559667
07-08-2016,0,426,23712300,1.9,268531,7487.652371,36.063408
08-08-2016,0,585,23901200,1.9,199176,8180.671509,76.50571853
09-08-2016,0,435,23990400,2.05,245059,7679.07477,39.11446759
10-08-2016,0,534,25834000,2.01,210706,8290.558328,54.474836
11-08-2016,0,478,25436700,1.98,129604,7902.347043,42.68406505
12-08-2016,0,403,24956600,1.95,122922,8225.4797,31.20614923
13-08-2016,0,398,24686400,1.98,123245,7690.487434,34.69883204
14-08-2016,0,397,25091800,2.01,396280,8001.786837,35.67073545
15-08-2016,0,439,25383800,2.18,849798,7815.361278,28.9520222
16-08-2016,0,614,27615300,2.2,760398,8330.854399,55.73268856
17-08-2016,0,744,27893300,2.24,449444,7483.218716,76.84458299
18-08-2016,0,648,28372900,2.19,381203,8399.418864,53.56308835
19-08-2016,0,547,27739300,2.3,313760,7869.194434,52.08991705
20-08-2016,0,532,29221300,2.44,1869560,7333.212908,36.82750366
21-08-2016,0,737,30968100,2.54,790717,8013.327414,58.32334958
22-08-2016,0,743,32141200,3.99,18149400,7816.576078,71.1110831
23-08-2016,0,1893,51189700,4.72,21058200,8302.426247,147.188034
24-08-2016,0,1862,59342000,4.42,6796020,8084.026158,149.9573954
25-08-2016,0,1340,56851200,4.15,7337870,7705.147117,111.1670786
26-08-2016,0,1187,52650700,4.18,6023340,8348.235913,93.79542697
27-08-2016,0,1023,54133400,5.3,8004280,7196.109147,71.00692648
28-08-2016,0,847,67611100,9.51,49325800,7872.425009,60.68152065
29-08-2016,0,2804,119391000,8.5,46191400,7780.311024,176.1938465
30-08-2016,0,2775,108444000,8.49,15534600,7995.83911,187.1628682
31-08-2016,0,2120,108774000,8.58,20057400,8149.921281,128.0759892
01-09-2016,0,1883,108975000,8,12152000,7836.555613,107.6928781
02-09-2016,0,1748,102027000,10.21,27999500,7580.629248,91.99366031
03-09-2016,0,2063,130422000,10.59,66593800,7579.89296,99.59150399
04-09-2016,0,3652,142653000,13.39,31169900,8507.852269,220.8485199
05-09-2016,0,2705,173999000,13.96,24043200,8288.42454,137.7349877
06-09-2016,0,2706,177509000,12.46,25356900,7599.26265,140.2061878
07-09-2016,0,2526,159649000,11.83,20446100,7761.132049,118.3549789
08-09-2016,0,2267,152961000,12.74,18100000,7686.896858,120.791855
09-09-2016,0,1901,163301000,12.43,14523800,7453.40449,92.31800259
10-09-2016,0,1934,158606000,12.23,7990970,8147.144955,94.7425804
11-09-2016,0,1590,157714000,10.69,15781800,7858.988964,76.51600907
12-09-2016,0,1701,137198000,10.03,12411600,7049.67974,89.53096383
13-09-2016,0,1865,132131000,10.88,14308800,7498.059157,90.22554037
14-09-2016,0,1586,141326000,10.51,5468580,7476.099897,80.22925657
15-09-2016,0,1410,135811000,9.41,7678600,7912.095312,75.72809004
16-09-2016,0,1513,122577000,8.91,7175750,7952.371464,84.36241386
17-09-2016,0,1507,114672000,9.68,4720550,7054.648452,83.31131877
18-09-2016,0,1289,125247000,9.45,2709710,7403.743202,115.3978844
19-09-2016,0,1153,122199000,10.56,8092940,7804.615859,66.7684643
20-09-2016,0,1323,136312000,11.15,11094000,7093.796924,88.50908035
21-09-2016,0,1640,145554000,9.92,6586410,7522.588686,121.0795042
22-09-2016,0,1566,129022000,10.16,3966670,7618.222637,128.123838
23-09-2016,0,1289,131137000,10.77,3564780,7688.942507,69.71047204
24-09-2016,0,1398,139964000,10.63,1720410,7563.478409,72.02359092
25-09-2016,0,1248,137720000,10.24,2085390,7459.361938,68.28637926
26-09-2016,0,1069,133099000,9.4,7477270,7688.322407,66.568112
27-09-2016,0,1499,121546000,9.31,2349090,6887.029901,84.55911433
28-09-2016,0,1312,121268000,9.4,1900470,7990.467822,72.62644843
29-09-2016,0,1432,122202000,8.71,5237580,7065.044515,76.16526665
30-09-2016,0,1721,112519000,8.41,5300920,7862.742414,66.96485141
01-10-2016,0,1660,109642000,7.36,8319930,7583.495009,64.19409122
02-10-2016,0,1650,95507100,8.3,4709360,7056.225529,61.50967117
03-10-2016,0,1401,108330000,7.95,3249380,8017.950402,49.20138625
04-10-2016,0,1530,103654000,7.65,2425600,6623.97086,57.48807618
05-10-2016,0,1457,99903600,6.76,9101390,7852.13075,52.10297156
06-10-2016,0,1698,87617200,7.18,4738590,6841.47119,62.37856241
07-10-2016,0,1599,93848400,6.89,4458730,7551.503204,53.04674003
08-10-2016,0,1405,90046400,6.88,1795650,7070.49136,28.14594045
09-10-2016,0,1153,90201300,7.48,2820040,7922.853008,23.56449206
10-10-2016,0,1352,98958700,6.94,3179780,6875.95693,30.0031698
11-10-2016,0,1525,90612500,7.28,5966020,7421.545895,27.24910553
12-10-2016,0,1701,95343700,7.31,2034800,7337.172984,37.76031591
13-10-2016,0,1690,95353000,6.91,2079340,7500.487252,31.53876423
14-10-2016,0,1523,90958000,6.92,1682900,7248.360184,26.63401598
15-10-2016,0,1459,90768800,6.56,1709700,7906.358505,26.53949498
16-10-2016,0,1467,86233800,6.38,2548440,6617.496281,32.71591889
17-10-2016,0,1511,83992100,6.28,3659990,7572.975569,28.98743138
18-10-2016,0,1778,82636300,6.57,2342430,6914.635764,32.78343555
19-10-2016,0,1460,86328800,6.62,2304340,7549.73744,25.46595952
20-10-2016,0,1264,87199300,6.56,2510020,7077.79898,20.42842009
21-10-2016,0,1420,86682400,6.78,1960270,7319.903044,22.07385581
22-10-2016,0,1334,89371800,6.52,2274680,7219.168811,23.70898947
23-10-2016,0,1196,85978900,6.51,561283,7448.294715,23.9620854
24-10-2016,0,1085,85860100,6.42,628370,7390.011159,25.13025072
25-10-2016,0,1476,84707300,6.09,2973160,6928.280898,22.27030243
26-10-2016,0,1407,80429200,6.17,1630120,7189.137195,27.01720486
27-10-2016,0,1347,81425600,6.21,2043670,6977.620266,21.75243374
28-10-2016,0,1386,82158200,5.73,3034820,7508.40709,20.33251028
29-10-2016,0,1339,75631700,5.14,10900200,6641.446266,22.75333388
30-10-2016,0,1484,68011700,5.57,5648010,6959.435675,26.14102476
31-10-2016,0,1521,73317000,5.12,3111700,7265.154831,47.99876876
01-11-2016,0,1410,67571600,4.71,3841800,6852.578506,22.19359406
02-11-2016,0,1480,62649500,4.51,2473050,7340.17429,25.51491024
03-11-2016,0,1377,60240900,4.89,4438690,6813.867791,21.84130939
04-11-2016,0,1303,64488800,4.85,2611470,6746.472713,20.04848703
05-11-2016,0,1179,64117100,5.02,602968,7606.541659,18.81143242
06-11-2016,0,871,66184500,4.97,666680,6964.546914,14.36448551
07-11-2016,0,969,65964200,5.74,3690120,7200.873647,15.93625283
08-11-2016,0,1426,76635700,6.32,9416390,6932.922159,25.41954105
09-11-2016,0,1888,83854100,6.19,8149530,6826.732543,47.68775715
10-11-2016,0,1451,82319000,6.1,3175600,7396.154811,24.22158947
11-11-2016,0,1332,81900600,6.78,4256380,6808.520929,21.20357099
12-11-2016,0,1273,90900300,7.44,7239650,7317.123025,25.15977478
13-11-2016,0,1610,98823800,7.1,8454760,7054.706778,24.58202177
14-11-2016,0,1899,94853000,7.71,5270540,7161.058587,30.58731278
15-11-2016,0,1704,103302000,7.3,3711090,7121.944733,27.91306667
16-11-2016,0,1585,98031100,6.58,9338200,6790.710019,23.7648813
17-11-2016,0,1703,87494100,6.79,4696950,7034.870364,31.01683559
18-11-2016,0,1356,90440300,6.72,3854500,7333.954903,23.17939715
19-11-2016,0,1542,89815300,6.55,2490080,6618.390429,27.6170709
20-11-2016,0,1182,87683700,6.58,3534630,7692.576869,18.75803102
21-11-2016,0,1289,88051400,6.8,1586190,6763.566673,17.51562685
22-11-2016,0,1329,91147700,7.69,9996320,6899.63052,19.48338035
23-11-2016,0,2009,102688000,7.91,4170450,6686.230485,31.3332148
24-11-2016,0,1506,106374000,7.81,5756150,6909.244073,25.26912683
25-11-2016,0,1515,104451000,7.54,2450680,7130.385671,26.82872895
26-11-2016,0,1380,101260000,7.62,1632680,6833.361517,21.22508315
27-11-2016,0,1143,102503000,7.93,2604180,7310.503182,19.63731769
28-11-2016,0,1241,106354000,7.89,1931140,6344.292506,19.04649391
29-11-2016,0,1645,106266000,7.6,2468920,7216.067322,23.93047756
30-11-2016,0,1357,102540000,8.95,11077200,6623.379924,19.57127587
01-12-2016,0,1856,120142000,8.58,5605070,6755.779336,28.73486404
02-12-2016,0,1828,114407000,8.23,6249910,6858.072061,38.23043855
03-12-2016,0,1546,110596000,8.27,2100120,7156.590508,25.76339153
04-12-2016,0,1347,111297000,7.8,2491800,7079.723993,20.0537075
05-12-2016,0,1306,105539000,7.91,2413870,6720.373906,18.65429378
06-12-2016,0,1494,106599000,7.54,3566450,6540.786207,21.83199288
07-12-2016,0,1658,101729000,7.89,1800020,6791.818371,31.56512858
08-12-2016,0,1517,106218000,7.79,1391520,6715.376346,23.14985352
09-12-2016,0,1432,105361000,7.95,1230840,7079.464503,23.49999692
10-12-2016,0,1398,107380000,7.78,954105,6702.474285,20.78381505
11-12-2016,0,1220,105063000,7.91,1511400,7096.078358,19.48604206
12-12-2016,0,1426,106974000,8.05,1037600,6551.904024,21.33167607
13-12-2016,0,1608,109172000,8.11,892392,6655.667724,23.56107607
14-12-2016,0,1558,111468000,8.41,3268750,6814.863087,25.37651336
15-12-2016,0,1727,114274000,8.42,1224190,6737.148071,32.44112862
16-12-2016,0,1445,114291000,8.51,960469,6542.379328,24.180972
17-12-2016,0,1712,115014000,8.32,1046610,7056.205585,27.26851497
18-12-2016,0,1628,113063000,8.61,2073320,6801.46802,24.91217962
19-12-2016,0,1649,116756000,8.63,1948360,6757.813797,21.30660251
20-12-2016,0,1926,117248000,8.43,2093870,6879.667795,24.97990462
21-12-2016,0,1804,114871000,8.28,2788170,6367.428175,23.66872539
22-12-2016,0,1850,112882000,8.9,4342540,6546.182213,25.00378705
23-12-2016,0,2196,120963000,9.55,4014090,6675.55383,28.28566964
24-12-2016,0,2091,130752000,9.65,1553340,6656.635757,26.60814251
25-12-2016,0,1787,131445000,9.73,2456860,7015.717499,23.26210146
26-12-2016,0,1774,132352000,10.27,2243850,6342.554022,22.59027765
27-12-2016,0,2163,139913000,12.69,10888000,6684.159833,25.2863669
28-12-2016,0,3247,171000000,14.09,13579500,6736.191377,43.46942282
29-12-2016,0,4066,192960000,13.13,8200850,7030.170167,55.91283281
30-12-2016,0,3608,178684000,12.97,3491280,6469.492232,43.98556755
31-12-2016,0,2689,177027000,13.78,4421340,6455.509133,27.22226673
01-01-2017,0,2085,188431000,13.97,3923550,6821.907622,20.9336777
02-01-2017,0,2497,192331000,16.05,12171300,6556.27626,26.25954002
03-01-2017,0,4241,219693000,16.09,16381900,6939.053107,52.50079329
04-01-2017,0,4254,220820000,18.53,10179100,6714.120367,47.51749834
05-01-2017,0,4419,253879000,16.19,8528910,6352.703205,47.00899498
06-01-2017,0,3597,221476000,14.03,9256850,6401.596967,42.39823337
07-01-2017,0,3422,192770000,13.06,9904390,6294.301662,62.34433782
08-01-2017,0,2747,178079000,13.47,3741330,6800.310024,28.32807641
09-01-2017,0,2798,184874000,13.74,4649000,6411.789375,30.12162532
10-01-2017,0,2763,187430000,13.39,3943650,6194.918959,33.50924126
11-01-2017,0,1982,183143000,11.64,4338380,6312.507242,47.56596997
12-01-2017,0,1787,158831000,11.85,2923060,6743.527445,46.32234557
13-01-2017,0,2324,162603000,11.27,6063910,6499.073195,64.85390457
14-01-2017,0,1956,155007000,11.09,3439220,6027.910783,59.0351233
15-01-2017,0,3049,152277000,10.76,7417420,6388.309925,68.78006388
16-01-2017,0,3305,148169000,10.64,3507560,6146.043575,77.55953425
17-01-2017,0,2715,147101000,12.39,4403350,6645.205216,74.17268626
18-01-2017,0,2813,171153000,12.05,4232060,6129.250416,70.70821088
19-01-2017,0,2826,166091000,12.15,3546870,6513.30547,79.19703814
20-01-2017,0,2485,167736000,11.91,3768400,6382.159479,66.35144935
21-01-2017,0,2953,164256000,12.03,2878010,6617.168172,73.82196292
22-01-2017,0,2657,165727000,12.18,2588540,6291.764896,67.32091268
23-01-2017,0,2596,168236000,12.25,2414740,6000.111218,65.23863819
24-01-2017,0,2601,169206000,11.81,3121430,6330.244487,63.31603717
25-01-2017,0,2560,163221000,11.83,1897140,6489.244574,62.38655118
26-01-2017,0,2509,163778000,11.98,2172210,5874.439135,67.88679298
27-01-2017,0,2947,165604000,12.1,4346850,6543.463446,64.62212072
28-01-2017,0,2770,167743000,12.85,6585960,6223.39608,61.65893492
29-01-2017,0,2391,177874000,12.66,3027920,6525.13968,62.02363244
30-01-2017,0,1597,175164000,12.71,2171460,6140.63729,45.90535602
31-01-2017,0,2715,175986000,12.99,8919760,6212.641138,52.74603056
01-02-2017,0,2413,179699000,13.27,2715170,6565.271301,63.35072409
02-02-2017,0,2452,184201000,13.14,2841870,6003.178876,63.61575275
03-02-2017,0,2428,182089000,12.86,5732620,6282.230419,61.68746161
04-02-2017,0,3103,178965000,12.61,3475030,6270.125623,81.39546794
05-02-2017,0,2854,175095000,12.8,2054440,6222.447429,68.72618509
06-02-2017,0,2013,178164000,12.88,2124790,6008.391522,56.62764445
07-02-2017,0,2323,179398000,12.65,3523120,6431.58235,66.6210474
08-02-2017,0,2563,176193000,12.8,2124700,6191.146144,76.60488618
09-02-2017,0,2540,178405000,12.12,4268990,5989.671815,72.69939824
10-02-2017,0,2541,169520000,11.98,2472350,6384.80665,74.21065513
11-02-2017,0,2768,166808000,12.24,2190900,6168.143296,71.58896632
12-02-2017,0,1777,170839000,12.33,2154250,6144.954472,50.10918727
13-02-2017,0,2252,171557000,12.2,1687590,6069.460013,64.96906349
14-02-2017,0,2541,170135000,12.99,4166850,6107.882732,72.22531498
15-02-2017,0,2417,181497000,13.62,4811600,6232.483145,67.13739044
16-02-2017,0,2914,189926000,13.1,3256190,5980.794479,76.45758015
17-02-2017,0,2483,182332000,13.3,1711010,6158.136537,66.14908802
18-02-2017,0,2439,186995000,13.36,1871110,6294.99468,69.04204392
19-02-2017,0,2197,186681000,12.99,1663440,6352.660853,63.03170954
20-02-2017,0,1770,181531000,12.22,8429880,5813.141995,49.60546079
21-02-2017,0,2595,169036000,12.34,4476160,6173.29759,72.03425706
22-02-2017,0,2533,171785000,12.77,2486660,6019.933471,73.22146555
23-02-2017,0,2276,178859000,12.87,2875250,6285.443061,67.17276301
24-02-2017,0,2260,180492000,11.92,8707610,6174.724461,65.57722876
25-02-2017,0,2592,167003000,11.85,3102200,6063.642224,73.57106324
26-02-2017,0,2176,165867000,11.89,2039860,5346.777143,62.68543886
27-02-2017,0,2144,166428000,11.96,1343950,6223.63357,60.72328279
28-02-2017,0,2508,168185000,12.28,4316810,6488.453277,73.32507621
01-03-2017,0,2446,172621000,12.33,6449830,5887.918763,65.65451578
02-03-2017,0,2643,172124000,13.11,7161980,5535.557398,73.78469304
03-03-2017,0,2579,183919000,13.91,7926590,6109.287542,73.89894967
04-03-2017,0,2636,195774000,13.67,2239270,6017.890745,71.46281371
05-03-2017,0,1860,192123000,15.18,5455280,5739.509823,63.23728323
06-03-2017,0,2065,214098000,15.41,6913360,5895.661957,57.79712349
07-03-2017,0,3138,217011000,13.53,5928550,6242.729366,79.51258105
08-03-2017,0,2343,190803000,12.47,4244610,6091.542164,66.23931408
09-03-2017,0,2477,175497000,13.03,3489930,5808.427086,71.27525657
10-03-2017,0,2365,183864000,13.21,10802800,5788.036103,66.1119368
11-03-2017,0,2530,184883000,14.69,6499310,6273.977478,73.49051031
12-03-2017,0,2319,207508000,16.79,17931000,5930.080459,64.01819575
13-03-2017,0,3117,236958000,18.13,19566500,6025.930399,89.73880095
14-03-2017,0,4065,255287000,17.76,10072300,6055.703849,106.1395539
15-03-2017,0,2976,251092000,18.98,12265200,6067.912564,82.84683507
16-03-2017,0,2863,268957000,22.48,31673800,5896.532808,77.4321322
17-03-2017,0,3951,318778000,22.35,36529400,5859.720121,99.36617886
18-03-2017,0,4186,314731000,20.07,16830500,5504.845114,93.88532597
19-03-2017,0,3091,284253000,23.29,22162500,5838.748701,83.86947361
20-03-2017,0,3832,329623000,22.51,10860900,5830.831391,84.21977281
21-03-2017,0,2522,320139000,21.29,18555800,5893.178419,72.80368871
22-03-2017,0,3232,302815000,21.42,9699960,5818.64594,94.69249807
23-03-2017,0,3470,303834000,21.82,7419900,6064.911973,84.21875096
24-03-2017,0,2659,309519000,21.1,13807600,5616.475483,79.03447325
25-03-2017,0,2954,298839000,20.14,10858900,5608.159301,76.11775349
26-03-2017,0,3230,285884000,19.61,7408990,5897.305618,76.71062958
27-03-2017,0,2683,280203000,19.66,11887200,6084.194212,78.9396129
28-03-2017,0,2871,276545000,19.81,10061200,5530.639011,83.18158314
29-03-2017,0,2710,282266000,21.14,6704720,6183.43914,77.4088694
30-03-2017,0,2848,299146000,20.88,5993880,5915.40479,100.7846115
31-03-2017,0,3158,295489000,20.54,6955980,5368.916521,78.80825328
01-04-2017,0,2826,291737000,21.5,7622780,5788.5705,156.2002054
02-04-2017,0,2541,304574000,20.14,7427960,6105.479759,111.4899502
03-04-2017,0,2156,286817000,20.33,7080440,5498.037418,67.81069295
04-04-2017,0,2766,289275000,21.35,7062530,5816.860573,202.71208
05-04-2017,0,3040,303396000,19.62,9188050,5716.436051,201.7674856
06-04-2017,0,3255,278971000,19.27,11553100,5829.505629,224.1240395
07-04-2017,0,2305,275287000,19.39,5499430,5927.50072,68.58741784
08-04-2017,0,2697,275199000,20.83,6218750,5317.70697,174.2089645
09-04-2017,0,3143,297207000,20.68,5711770,6242.182271,243.9209911
10-04-2017,0,2572,295155000,21.83,6591730,6131.759257,182.2990114
11-04-2017,0,2545,311171000,21.36,5356450,5723.952486,154.4739629
12-04-2017,0,2599,304441000,21.76,6401630,5494.106902,148.6334592
13-04-2017,0,2550,309846000,21.48,5980210,5722.705163,121.9816864
14-04-2017,0,2268,306779000,20.59,8949460,5288.556471,109.3913197
15-04-2017,0,2565,291985000,20.71,4483370,5725.330499,79.90835475
16-04-2017,0,1892,296093000,20.46,4222960,5318.003413,45.0835655
17-04-2017,0,1897,292659000,20.56,6055450,5311.340601,51.14544433
18-04-2017,0,2341,293752000,21.06,4459260,5714.121523,55.38369184
19-04-2017,0,2503,301594000,20.39,5877830,5651.733274,59.15246738
20-04-2017,0,2465,292149000,20.24,6216400,5494.40271,57.65473426
21-04-2017,0,2558,286297000,20.29,6704090,5997.483366,58.34647053
22-04-2017,0,2348,290548000,20.12,5266460,5243.574195,63.99077793
23-04-2017,0,2133,288495000,19.72,4155640,6004.551608,54.00521821
24-04-2017,0,2217,283007000,19.56,4584190,5377.337946,62.74574991
25-04-2017,0,2549,281316000,19.65,5148290,5863.407938,55.88445088
26-04-2017,0,2368,282326000,19.37,6027790,5456.802846,59.03793077
27-04-2017,0,2536,279099000,21.21,12843800,5581.360706,63.07304339
28-04-2017,0,2810,304527000,22.35,10457300,5893.128372,67.04842559
29-04-2017,0,2543,321539000,22.76,10461300,5698.596734,61.66486876
30-04-2017,0,2318,326962000,23.72,10910000,5441.155648,60.59867104
01-05-2017,0,2617,341171000,22.77,14214000,5743.546108,77.63077082
02-05-2017,0,2503,327660000,23.04,7486110,5310.332385,71.81825193
03-05-2017,0,2468,331818000,25.2,12602800,5558.986511,59.93536299
04-05-2017,0,2670,362797000,25.99,13585800,5659.615233,64.56127037
05-05-2017,0,3007,376183000,28.45,24376200,5627.708698,89.36515606
06-05-2017,0,3566,410681000,28.98,14355000,5489.120819,90.03291688
07-05-2017,0,2655,417648000,32.78,31328600,5405.588198,60.77711889
08-05-2017,0,3212,482431000,30.47,25549000,5857.007243,93.08641032
09-05-2017,0,3232,439752000,28.66,21083700,5267.621907,74.25281325
10-05-2017,0,3821,411189000,29.84,12732500,5540.442819,100.5395503
11-05-2017,0,3185,432298000,29.51,9288200,5429.704539,69.0345982
12-05-2017,0,2733,427789000,28.68,8023910,5918.170445,64.67275276
13-05-2017,0,2354,413130000,28.47,7213280,5253.895847,58.4544781
14-05-2017,0,1884,412198000,28.53,7419170,5519.938503,47.8989857
15-05-2017,0,1911,412305000,27.79,8160330,5307.882414,54.29561046
16-05-2017,0,2430,401220000,26.26,9801320,5671.546574,66.27173137
17-05-2017,0,2141,381592000,26.93,10576800,5074.209527,54.55129836
18-05-2017,0,2552,390685000,30.33,15586800,5673.08904,63.31365407
19-05-2017,0,3047,439025000,31.87,10692300,5398.508102,89.91037353
20-05-2017,0,2585,460963000,35.1,23733000,5445.865028,73.20859969
21-05-2017,0,2864,507841000,34.64,10952100,5722.914817,86.11779066
22-05-2017,0,2743,504584000,36.17,28469700,5369.727841,81.20835594
23-05-2017,0,3437,526642000,55.62,68629500,5265.423929,90.11490206
24-05-2017,0,4117,817013000,45.38,95915700,5148.951558,134.0825614
25-05-2017,0,4352,660745000,40.12,52485500,5713.460519,126.3087881
26-05-2017,0,4323,578017000,38.71,24735300,5419.211131,188.2038482
27-05-2017,0,3756,562314000,33.41,20990300,5557.16373,114.3345016
28-05-2017,0,2928,485858000,36.84,19020300,5258.683888,106.0716335
29-05-2017,0,2282,534431000,41.21,31360800,5572.513056,62.84056103
30-05-2017,0,3013,600461000,39.79,23048100,5199.102313,75.01846185
31-05-2017,0,3155,579429000,41.83,15027900,5259.123032,78.90709439
01-06-2017,0,2799,608922000,43.7,12849800,5395.874261,158.1496473
02-06-2017,0,2848,636754000,44,9539580,5359.414668,225.9349518
03-06-2017,0,2243,640642000,42.37,9819610,5452.70827,65.64336355
04-06-2017,0,2120,616914000,42.9,9805040,5341.251912,62.49249137
05-06-2017,0,2192,625055000,48.26,16780900,5429.189746,82.29115772
06-06-2017,0,2671,705243000,55.57,34918400,5585.203633,76.63349706
07-06-2017,0,3370,806489000,52.54,50623800,4757.969635,102.2312902
08-06-2017,0,4367,771963000,56.19,14708500,5316.329865,137.9479896
09-06-2017,0,2997,819313000,55.62,11941600,5510.791931,75.19807502
10-06-2017,0,3068,811671000,52.28,14465400,5259.915027,87.10897966
11-06-2017,0,2993,764939000,58.7,15485200,5260.236035,94.16493868
12-06-2017,0,2901,863418000,50.04,25425000,5136.4955,89.7406902
13-06-2017,0,2936,727975000,51.8,13362700,5517.833894,136.705449
14-06-2017,0,3576,760132000,46.3,12407600,5358.208354,105.1971832
15-06-2017,0,3138,676380000,46.02,14252000,4962.350651,103.7720136
16-06-2017,0,3261,672698000,48.11,8711820,5288.512903,94.11214072
17-06-2017,0,2738,705427000,50.46,15646500,5137.31568,84.02315468
18-06-2017,0,2987,739370000,49.6,10122000,5210.718638,78.80660258
19-06-2017,0,2613,726891000,49.09,12502400,5319.738829,67.544606
20-06-2017,0,3123,718495000,48.08,15178600,5304.622108,87.32209369
21-06-2017,0,3253,706159000,46.59,12133900,5442.168443,92.90303603
22-06-2017,0,2707,686351000,47.28,7443100,5246.926477,66.22945061
23-06-2017,0,2548,696116000,51.41,11033000,5145.93273,60.98310006
24-06-2017,0,3085,754764000,48.03,7786220,5152.192727,93.4824079
25-06-2017,0,2343,702334000,45.89,9156060,5038.68263,53.72735396
26-06-2017,0,2769,674032000,43.49,17033600,5160.996902,65.06486554
27-06-2017,0,3171,638919000,43.57,12171600,5129.692855,111.7012645
28-06-2017,0,3082,643627000,47.32,10812600,5402.897662,86.90053458
29-06-2017,0,2759,691512000,45.02,11470500,5073.58263,87.13613519
30-06-2017,0,3195,663056000,43.73,11338900,5252.97779,77.82784948
01-07-2017,0,2599,642898000,40.96,10673500,4932.999484,57.744761
02-07-2017,0,2642,602361000,42.79,12774300,5437.256853,76.67451995
03-07-2017,0,2468,625802000,43.63,13141000,5068.528546,56.34174578
04-07-2017,0,3086,641305000,45.47,14850800,4909.530933,93.35270396
05-07-2017,0,2697,667353000,45.72,15243000,5409.242924,66.32834521
06-07-2017,0,2913,677244000,50.12,23168300,5185.46623,87.88484655
07-07-2017,0,3407,738662000,44.25,20324700,5200.80855,110.637712
08-07-2017,0,2713,651286000,46.1,15801900,4765.349311,64.71140171
09-07-2017,0,2284,688769000,44.85,12681200,5337.609082,48.24139883
10-07-2017,0,2482,662645000,40.01,14633300,5053.521939,72.01452846
11-07-2017,0,3435,594108000,37.14,17988200,5027.26636,144.5945353
12-07-2017,0,3187,544765000,40.39,15785600,5005.951648,74.82441019
13-07-2017,0,2733,597277000,38.23,9969180,5195.278343,69.2569213
14-07-2017,0,2557,562680000,35.48,9558140,5046.437637,78.39031685
15-07-2017,0,2512,525794000,32.09,9718770,5067.30695,68.0920381
16-07-2017,0,2321,472681000,29.43,12434100,4837.377564,73.72932574
17-07-2017,0,2487,435925000,34.83,13708900,5298.416354,72.55890929
18-07-2017,0,2624,516217000,36.38,9949120,4684.689949,79.14626593
19-07-2017,0,2382,539762000,35.06,6994230,5380.235974,75.37152753
20-07-2017,0,2859,516643000,40.3,14905700,4921.639367,87.40756791
21-07-2017,0,2928,600573000,40.34,9572580,4866.741582,87.49709716
22-07-2017,0,2760,596297000,44.71,9028920,5315.835385,82.20539626
23-07-2017,0,2244,661581000,42.67,8634060,4743.249536,62.90211098
24-07-2017,0,2215,632493000,45.58,12102100,4986.468592,56.80957528
25-07-2017,0,2772,675620000,40.68,12706300,5033.250112,77.84734323
26-07-2017,0,2751,604269000,45.8,26033100,4895.259541,79.3260457
27-07-2017,0,3148,681502000,45.24,15960700,5239.597846,86.03810294
28-07-2017,0,3132,672368000,43.96,18694500,5009.340972,98.48450975
29-07-2017,0,2977,648884000,43.89,7053810,4683.741833,69.75457791
30-07-2017,0,2482,652927000,39.62,11709500,5013.735671,58.67371952
31-07-2017,0,2650,589540000,39.84,13138500,4719.170654,58.51675119
01-08-2017,0,3210,592886000,44.15,17363300,5095.607123,66.15514945
02-08-2017,0,2624,655515000,43.63,8111580,4829.260163,56.2024567
03-08-2017,0,3312,651543000,43.36,8262040,4875.353507,77.09282008
04-08-2017,0,3155,645208000,45.12,7794340,4849.571925,78.00195645
05-08-2017,0,2947,672541000,48.58,12131400,4904.589469,75.00370726
06-08-2017,0,3100,723258000,47.83,8254240,5025.238022,85.1869374
07-08-2017,0,3038,710052000,50.21,12794900,4585.378291,68.61222843
08-08-2017,0,3631,750929000,51.94,12471600,5072.0738,89.92330648
09-08-2017,0,3776,774178000,50.96,11466600,4920.279596,148.7453797
10-08-2017,0,3227,759514000,49.47,9147740,4827.824074,92.72152315
11-08-2017,0,2768,735446000,50.65,8534390,4837.472162,60.50483351
12-08-2017,0,3128,758739000,49.37,17349200,5110.843441,89.32910345
13-08-2017,0,3083,737066000,47.76,19587800,4512.170689,102.507875
14-08-2017,0,3131,711941000,49.75,14023000,4975.926571,106.6263405
15-08-2017,0,3474,746257000,48.74,13651100,4968.016243,113.9620953
16-08-2017,0,3291,728672000,48.78,12423400,4583.65983,132.0927104
17-08-2017,0,2901,729528000,47.45,11176000,4839.228412,127.4158921
18-08-2017,0,3063,708081000,46.69,14517200,4900.593017,116.9119866
19-08-2017,0,2718,702398000,55.96,27038800,4808.658942,93.45837616
20-08-2017,0,3493,834239000,54.71,15702600,4558.320618,139.3579988
21-08-2017,0,2663,817490000,77.82,238775000,4937.39073,67.17044
22-08-2017,0,7050,1166240000,91.16,150286000,4617.973963,223.9657219
23-08-2017,0,7532,1360920000,90.33,84961900,5093.315077,246.3351407
24-08-2017,0,5938,1351030000,86.29,70187100,4757.157799,214.1979857
25-08-2017,0,4803,1293030000,108.26,95835700,4634.323449,228.4748241
26-08-2017,0,6195,1606920000,138.05,301843000,4916.733068,214.400027
27-08-2017,0,8933,2057550000,130.68,92742200,5514.647979,237.6781918
28-08-2017,0,7664,1961250000,145.4,216036000,4660.093661,168.6161012
29-08-2017,0,8139,2163850000,133.03,104869000,4704.409408,246.317336
30-08-2017,0,8014,2008790000,132.38,106543000,4907.580912,236.2149887
31-08-2017,0,6472,1980860000,140.41,131974000,4230.201904,160.42031
01-09-2017,0,5446,2112260000,141.2,163961000,4914.247232,108.5247734
02-09-2017,0,5571,2123430000,124.8,128849000,4912.929442,112.6660592
03-09-2017,0,4687,1877380000,126.01,92631100,4684.192212,101.3779702
04-09-2017,0,4486,1897480000,106.17,89194700,4529.133928,90.12687029
05-09-2017,0,5084,1605070000,118.82,113378000,4643.91893,121.2485354
06-09-2017,0,5099,1786650000,121.63,64604400,4788.104554,122.3891187
07-09-2017,0,5296,1826360000,120.84,62655700,4572.111479,134.2140774
08-09-2017,0,4386,1810210000,118.04,159066000,4879.395859,98.15513185
09-09-2017,0,4468,1779350000,116.27,39220400,4806.473025,106.0318503
10-09-2017,0,3521,1741490000,112.33,50725200,4575.514639,71.97885098
11-09-2017,0,3607,1702970000,112.75,30605900,4548.06676,89.52123577
12-09-2017,0,3701,1698640000,111.89,40402700,4718.085085,73.6175951
13-09-2017,0,3848,1685390000,111.33,88162900,4717.605699,70.01356966
14-09-2017,0,4408,1678110000,83.04,133553000,4396.261072,85.35229085
15-09-2017,0,5377,1253940000,99.85,176154000,4960.224168,111.8179041
16-09-2017,0,4900,1510430000,95.29,71163500,4471.330734,107.313062
17-09-2017,0,3028,1433270000,93.74,41008200,4545.506529,61.590688
18-09-2017,0,3948,1416250000,100.57,63732100,4596.828906,78.906847
19-09-2017,0,4680,1522630000,97.72,48249700,4315.980194,99.439636
20-09-2017,0,4366,1474840000,95.57,34198900,4782.087205,84.924365
21-09-2017,0,3858,1439880000,86.24,34290500,4641.76865,69.772662
22-09-2017,0,3931,1301560000,88.17,28179100,4584.417522,70.523565
23-09-2017,0,3831,1329730000,91.85,26372900,4616.064779,79.867739
24-09-2017,0,3704,1387760000,89.5,22224000,4431.798274,80.202656
25-09-2017,0,3467,1352120000,93.64,28114300,4704.69878,67.980798
26-09-2017,0,4169,1419730000,93.13,32540800,4470.560427,86.280792
27-09-2017,0,4271,1404030000,101.04,51634900,4615.848956,100.494578
28-09-2017,0,4947,1528970000,97.23,41822000,4439.08344,118.870966
29-09-2017,0,4562,1473750000,94.5,38972400,4697.702803,92.639967
30-09-2017,0,4220,1430900000,95.76,28498000,4515.300264,87.221548
01-10-2017,0,3616,1448800000,93.22,25936500,4364.449952,87.071208
02-10-2017,0,3678,1418400000,91.54,27534700,4515.665114,84.175063
